Imię;Nazwisko;Data Urodzenia;Płeć;PESEL;NIP;Nr Dowodu;Miasto;Ulica;Kod Pocztowy;Telefon;Email
STANISŁAW;SKUBALA;1987-03-23;MALE;87032339773;null;null;Katowice;Czesława Miłosza;74-971;+48628726785;stanisław.skubala@gmail.com
OLIVIER;BILKO;1959-12-29;MALE;59122974610;null;null;Hajnówka;Wspólna;41-530;+48129507600;olivier.bilko@gmail.com
JEREMI;TROCIŃSKI;1956-04-22;MALE;56042225097;null;null;Gdańsk;Sosnowa;09-872;+48811184492;jeremi.trociński@gmail.com
AMELIA;PASZKOWSKA;2001-09-24;FEMALE;01292448022;null;null;Mysłowice;Sosnowa;10-622;+48823566666;amelia.paszkowska@gmail.com
OKSANA;SZYMAŃCZYK;2004-12-16;FEMALE;04321647306;null;null;Bytom;Konstantego Jelskiego;61-652;+48870714086;oksana.szymańczyk@gmail.com
JOANNA;WOJEWODA;1964-01-19;FEMALE;64011956525;null;null;Żory;Lawendowa;94-884;+48217761835;joanna.wojewoda@gmail.com
IDA;KIDOŃ;1979-06-05;FEMALE;79060557283;null;null;Poznań;Bukowa;24-448;+48315333861;ida.kidoń@gmail.com
TADEUSZ;MIELCZAREK;1992-06-16;MALE;92061613633;null;null;Warszawa;Komuny Paryskiej;97-198;+48567073764;tadeusz.mielczarek@gmail.com
DARYA;MAZURKIEWICZ;1979-09-24;FEMALE;79092441943;null;null;Bytom;Pogodna;08-511;+48237901111;darya.mazurkiewicz@gmail.com
BARTOSZ;JASIKOWSKI;1976-04-03;MALE;76040377015;null;null;Kostrzyn;Kasztanowa;01-181;+48663557490;bartosz.jasikowski@gmail.com
