Miasto,Wojewodztwo,Populacja
Aleksandrów Kujawski,kujawsko-pomorskie,12058
Aleksandrów Łódzki,łódzkie,21754
Alwernia,małopolskie,3336
Andrychów,małopolskie,19837
Annopol,lubelskie,2436
Augustów,podlaskie,29946
Babimost,lubuskie,3901
Baborów,opolskie,2861
Baranów Sandomierski,podkarpackie,1430
Barcin,kujawsko-pomorskie,7313
Barczewo,warmińsko-mazurskie,7509
Bardo,dolnośląskie,2497
Barlinek,zachodniopomorskie,13611
Bartoszyce,warmińsko-mazurskie,22984
Barwice,zachodniopomorskie,3677
Bełchatów,łódzkie,56419
Bełżyce,lubelskie,6399
Będzin,śląskie,56008
Biała,opolskie,2390
Biała Piska,warmińsko-mazurskie,4047
Biała Podlaska,lubelskie,56942
Biała Rawska,łódzkie,3132
Białaczów,łódzkie,1068
Białobrzegi,mazowieckie,6853
Białogard,zachodniopomorskie,23950
Biały Bór,zachodniopomorskie,2208
Białystok,podlaskie,296958
Biecz,małopolskie,4549
Bielawa,dolnośląskie,29523
Bielsk Podlaski,podlaskie,25044
Bielsko-Biała,śląskie,169756
Bieruń,śląskie,19375
Bierutów,dolnośląskie,4809
Bieżuń,mazowieckie,1829
Biłgoraj,lubelskie,26114
Bircza,podkarpackie,987
Biskupiec,warmińsko-mazurskie,10628
Bisztynek,warmińsko-mazurskie,2328
Blachownia,śląskie,9457
Błaszki,łódzkie,2047
Błażowa,podkarpackie,2148
Błonie,mazowieckie,12134
Bobolice,zachodniopomorskie,3957
Bobowa,małopolskie,3137
Bobrowniki,kujawsko-pomorskie,1104
Bochnia,małopolskie,29554
Bodzanów,mazowieckie,1135
Bodzentyn,świętokrzyskie,2190
Bogatynia,dolnośląskie,17037
Bogoria,świętokrzyskie,1093
Boguchwała,podkarpackie,6140
Boguszów-Gorce,dolnośląskie,15154
Bojanowo,wielkopolskie,2915
Bolesławiec,dolnośląskie,38486
Bolesławiec,łódzkie,1150
Bolimów,łódzkie,899
Bolków,dolnośląskie,4913
Borek Wielkopolski,wielkopolskie,2500
Borne Sulinowo,zachodniopomorskie,5052
Branice,opolskie,1996
Braniewo,warmińsko-mazurskie,16974
Brańsk,podlaskie,3694
Brodnica,kujawsko-pomorskie,28701
Brody,lubuskie,889
Brok,mazowieckie,1904
Brusy,pomorskie,5221
Brwinów,mazowieckie,13710
Brzeg,opolskie,35226
Brzeg Dolny,dolnośląskie,12480
Brzesko,małopolskie,16764
Brzeszcze,małopolskie,11092
Brześć Kujawski,kujawsko-pomorskie,4563
Brzeziny,łódzkie,12365
Brzostek,podkarpackie,2749
Brzozów,podkarpackie,7425
Budzyń,wielkopolskie,4475
Buk,wielkopolskie,5948
Bukowno,małopolskie,9976
Busko-Zdrój,świętokrzyskie,15611
Bychawa,lubelskie,4814
Byczyna,opolskie,3532
Bydgoszcz,kujawsko-pomorskie,344091
Bystrzyca Kłodzka,dolnośląskie,9878
Bytom,śląskie,163255
Bytom Odrzański,lubuskie,4244
Bytów,pomorskie,16833
Cedynia,zachodniopomorskie,1497
Cegłów,mazowieckie,2279
Chełm,lubelskie,61135
Chełmek,małopolskie,8912
Chełmno,kujawsko-pomorskie,19205
Chełmża,kujawsko-pomorskie,14362
Chęciny,świętokrzyskie,4394
Chmielnik,świętokrzyskie,3596
Chocianów,dolnośląskie,7773
Chociwel,zachodniopomorskie,3123
Chocz,wielkopolskie,1769
Chodecz,kujawsko-pomorskie,2279
Chodzież,wielkopolskie,18229
Chojna,zachodniopomorskie,7367
Chojnice,pomorskie,39647
Chojnów,dolnośląskie,13236
Choroszcz,podlaskie,5926
Chorzele,mazowieckie,3100
Chorzów,śląskie,106846
Choszczno,zachodniopomorskie,14998
Chrzanów,małopolskie,36118
Ciechanowiec,podlaskie,4587
Ciechanów,mazowieckie,43883
Ciechocinek,kujawsko-pomorskie,10534
Ciepielów,mazowieckie,738
Cieszanów,podkarpackie,1922
Cieszyn,śląskie,33981
Ciężkowice,małopolskie,2447
Cybinka,lubuskie,2768
Czaplinek,zachodniopomorskie,7094
Czarna Białostocka,podlaskie,9198
Czarna Woda,pomorskie,2763
Czarne,pomorskie,5830
Czarnków,wielkopolskie,10464
Czarny Dunajec,małopolskie,3772
Czchów,małopolskie,2323
Czechowice-Dziedzice,śląskie,35839
Czeladź,śląskie,31039
Czemierniki,lubelskie,1307
Czempiń,wielkopolskie,4932
Czerniejewo,wielkopolskie,2671
Czersk,pomorskie,9900
Czerwieńsk,lubuskie,3947
Czerwińsk nad Wisłą,mazowieckie,1010
Czerwionka-Leszczyny,śląskie,27888
Częstochowa,śląskie,217530
Człopa,zachodniopomorskie,2308
Człuchów,pomorskie,13479
Czyżew,podlaskie,2646
Ćmielów,świętokrzyskie,2984
Daleszyce,świętokrzyskie,2856
Darłowo,zachodniopomorskie,13574
Dąbie,wielkopolskie,1982
Dąbrowa Białostocka,podlaskie,5402
Dąbrowa Górnicza,śląskie,118285
Dąbrowa Tarnowska,małopolskie,11844
Dąbrowice,łódzkie,847
Debrzno,pomorskie,5020
Dębica,podkarpackie,45189
Dęblin,lubelskie,15887
Dębno,zachodniopomorskie,13626
Dobczyce,małopolskie,6425
Dobiegniew,lubuskie,3017
Dobra,zachodniopomorskie,2296
Dobra,wielkopolskie,1352
Dobre,mazowieckie,1826
Dobre Miasto,warmińsko-mazurskie,10010
Dobrodzień,opolskie,3665
Dobrzany,zachodniopomorskie,2218
Dobrzyca,wielkopolskie,3112
Dobrzyń nad Wisłą,kujawsko-pomorskie,2072
Dolsk,wielkopolskie,1553
Drawno,zachodniopomorskie,2250
Drawsko Pomorskie,zachodniopomorskie,11417
Drezdenko,lubuskie,9978
Drobin,mazowieckie,2821
Drohiczyn,podlaskie,1932
Drzewica,łódzkie,3803
Dubiecko,podkarpackie,866
Dukla,podkarpackie,2044
Duszniki-Zdrój,dolnośląskie,4422
Dynów,podkarpackie,6063
Działdowo,warmińsko-mazurskie,21145
Działoszyce,świętokrzyskie,902
Działoszyn,łódzkie,5746
Dzierzgoń,pomorskie,5320
Dzierżoniów,dolnośląskie,32869
Dziwnów,zachodniopomorskie,2647
Elbląg,warmińsko-mazurskie,118582
Ełk,warmińsko-mazurskie,61903
Frampol,lubelskie,1432
Frombork,warmińsko-mazurskie,2305
Garwolin,mazowieckie,17548
Gąbin,mazowieckie,4082
Gąsawa,kujawsko-pomorskie,1406
Gdańsk,pomorskie,470805
Gdynia,pomorskie,244969
Gielniów,mazowieckie,779
Giżycko,warmińsko-mazurskie,28964
Glinojeck,mazowieckie,2976
Gliwice,śląskie,177049
Głogów,dolnośląskie,66120
Głogów Małopolski,podkarpackie,9800
Głogówek,opolskie,5563
Głowaczów,mazowieckie,825
Głowno,łódzkie,13961
Głubczyce,opolskie,12441
Głuchołazy,opolskie,13388
Głuszyca,dolnośląskie,6246
Gniew,pomorskie,6608
Gniewkowo,kujawsko-pomorskie,7060
Gniezno,wielkopolskie,67570
Gogolin,opolskie,6765
Golczewo,zachodniopomorskie,2673
Goleniów,zachodniopomorskie,21979
Golina,wielkopolskie,4450
Golub-Dobrzyń,kujawsko-pomorskie,12412
Gołańcz,wielkopolskie,3158
Gołdap,warmińsko-mazurskie,13600
Goniądz,podlaskie,1819
Goraj,lubelskie,917
Gorlice,małopolskie,26973
Gorzów Śląski,opolskie,2439
Gorzów Wielkopolski,lubuskie,122589
Gostynin,mazowieckie,18355
Gostyń,wielkopolskie,20250
Gościno,zachodniopomorskie,2439
Gowarczów,świętokrzyskie,1343
Gozdnica,lubuskie,2977
Góra,dolnośląskie,11574
Góra Kalwaria,mazowieckie,11988
Górowo Iławeckie,warmińsko-mazurskie,3887
Górzno,kujawsko-pomorskie,1403
Grabów,łódzkie,1003
Grabów nad Prosną,wielkopolskie,1912
Grajewo,podlaskie,21709
Grodków,opolskie,8501
Grodzisk Mazowiecki,mazowieckie,32452
Grodzisk Wielkopolski,wielkopolskie,14713
Grójec,mazowieckie,16785
Grudziądz,kujawsko-pomorskie,93564
Grybów,małopolskie,5986
Gryfice,zachodniopomorskie,16212
Gryfino,zachodniopomorskie,20923
Gryfów Śląski,dolnośląskie,6509
Gubin,lubuskie,16528
Hajnówka,podlaskie,20265
Halinów,mazowieckie,3714
Hel,pomorskie,3212
Hrubieszów,lubelskie,17232
Iława,warmińsko-mazurskie,33206
Iłowa,lubuskie,3844
Iłża,mazowieckie,4642
Imielin,śląskie,9269
Inowłódz,łódzkie,829
Inowrocław,kujawsko-pomorskie,71674
Ińsko,zachodniopomorskie,1892
Iwaniska,świętokrzyskie,1322
Iwonicz-Zdrój,podkarpackie,1742
Izbica,lubelskie,1739
Izbica Kujawska,kujawsko-pomorskie,2594
Jabłonowo Pomorskie,kujawsko-pomorskie,3730
Jadów,mazowieckie,934
Janikowo,kujawsko-pomorskie,8638
Janowiec Wielkopolski,kujawsko-pomorskie,3897
Janów,śląskie,1000
Janów Lubelski,lubelskie,11661
Janów Podlaski,lubelskie,2659
Jaraczewo,wielkopolskie,1403
Jarocin,wielkopolskie,26453
Jarosław,podkarpackie,37073
Jasień,lubuskie,4215
Jasło,podkarpackie,34542
Jastarnia,pomorskie,2679
Jastrowie,wielkopolskie,8580
Jastrząb,mazowieckie,1071
Jastrzębie-Zdrój,śląskie,88038
Jawor,dolnośląskie,22462
Jawornik Polski,podkarpackie,1190
Jaworzno,śląskie,90368
Jaworzyna Śląska,dolnośląskie,5118
Jedlicze,podkarpackie,5658
Jedlina-Zdrój,dolnośląskie,4789
Jedlnia-Letnisko,mazowieckie,3976
Jedwabne,podlaskie,1607
Jelcz-Laskowice,dolnośląskie,15648
Jelenia Góra,dolnośląskie,78335
Jeziorany,warmińsko-mazurskie,3135
Jeżów,łódzkie,1278
Jędrzejów,świętokrzyskie,14812
Jordanów,małopolskie,5152
Józefów,lubelskie,2473
Józefów,mazowieckie,20741
Józefów nad Wisłą,lubelskie,902
Jutrosin,wielkopolskie,1966
Kaczory,wielkopolskie,2904
Kalety,śląskie,8548
Kalisz,wielkopolskie,99106
Kalisz Pomorski,zachodniopomorskie,4363
Kalwaria Zebrzydowska,małopolskie,4469
Kałuszyn,mazowieckie,2862
Kamieniec Ząbkowicki,dolnośląskie,4467
Kamienna Góra,dolnośląskie,18585
Kamień Krajeński,kujawsko-pomorskie,2335
Kamień Pomorski,zachodniopomorskie,8677
Kamieńsk,łódzkie,2703
Kamionka,lubelskie,1712
Kańczuga,podkarpackie,3131
Karczew,mazowieckie,9811
Kargowa,lubuskie,3774
Karlino,zachodniopomorskie,5862
Karpacz,dolnośląskie,4487
Kartuzy,pomorskie,14276
Katowice,śląskie,290553
Kazanów,mazowieckie,397
Kazimierz Dolny,lubelskie,2534
Kazimierza Wielka,świętokrzyskie,5429
Kąty Wrocławskie,dolnośląskie,7028
Kcynia,kujawsko-pomorskie,4515
Kędzierzyn-Koźle,opolskie,60021
Kępice,pomorskie,3558
Kępno,wielkopolskie,13889
Kętrzyn,warmińsko-mazurskie,26788
Kęty,małopolskie,18443
Kielce,świętokrzyskie,193415
Kiernozia,łódzkie,831
Kietrz,opolskie,5874
Kikół,kujawsko-pomorskie,1994
Kisielice,warmińsko-mazurskie,2081
Kleczew,wielkopolskie,4097
Kleszczele,podlaskie,1216
Klimontów,świętokrzyskie,1884
Kluczbork,opolskie,23254
Kłecko,wielkopolskie,2605
Kłobuck,śląskie,12756
Kłodawa,wielkopolskie,6355
Kłodzko,dolnośląskie,26421
Knurów,śląskie,37801
Knyszyn,podlaskie,2726
Kobylin,wielkopolskie,3222
Kobylnica,pomorskie,4634
Kobyłka,mazowieckie,25149
Kock,lubelskie,3238
Kolbuszowa,podkarpackie,8922
Kolno,podlaskie,10143
Kolonowskie,opolskie,3296
Koluszki,łódzkie,12776
Kołaczyce,podkarpackie,1427
Koło,wielkopolskie,21247
Kołobrzeg,zachodniopomorskie,46198
Koniecpol,śląskie,5846
Konin,wielkopolskie,72539
Konstancin-Jeziorna,mazowieckie,16889
Konstantynów Łódzki,łódzkie,18335
Końskie,świętokrzyskie,18878
Końskowola,lubelskie,2020
Koprzywnica,świętokrzyskie,2431
Korfantów,opolskie,1771
Koronowo,kujawsko-pomorskie,11070
Korsze,warmińsko-mazurskie,4145
Kosów Lacki,mazowieckie,2071
Kostrzyn,wielkopolskie,9697
Kostrzyn nad Odrą,lubuskie,17704
Koszalin,zachodniopomorskie,106235
Koszyce,małopolskie,775
Kościan,wielkopolskie,23716
Kościerzyna,pomorskie,23778
Kowal,kujawsko-pomorskie,3468
Kowalewo Pomorskie,kujawsko-pomorskie,4102
Kowary,dolnośląskie,10650
Koziegłowy,śląskie,2438
Kozienice,mazowieckie,16877
Koźmin Wielkopolski,wielkopolskie,6437
Koźminek,wielkopolskie,1938
Kożuchów,lubuskie,9337
Kórnik,wielkopolskie,8023
Krajenka,wielkopolskie,3603
Kraków,małopolskie,779966
Krapkowice,opolskie,15962
Krasnobród,lubelskie,3074
Krasnystaw,lubelskie,18383
Kraśnik,lubelskie,33917
Krobia,wielkopolskie,4338
Krosno,podkarpackie,45948
Krosno Odrzańskie,lubuskie,11155
Krośniewice,łódzkie,4258
Krotoszyn,wielkopolskie,28701
Kruszwica,kujawsko-pomorskie,9331
Krynica Morska,pomorskie,1290
Krynica-Zdrój,małopolskie,10456
Krynki,podlaskie,2313
Krzanowice,śląskie,2134
Krzepice,śląskie,4361
Krzeszowice,małopolskie,9969
Krzywiń,wielkopolskie,1721
Krzyż Wielkopolski,wielkopolskie,6147
Książ Wielki,małopolskie,817
Książ Wielkopolski,wielkopolskie,2718
Kudowa-Zdrój,dolnośląskie,9772
Kunów,świętokrzyskie,2883
Kurów,lubelskie,2617
Kutno,łódzkie,43332
Kuźnia Raciborska,śląskie,5230
Kwidzyn,pomorskie,38329
Latowicz,mazowieckie,1380
Lądek-Zdrój,dolnośląskie,5466
Legionowo,mazowieckie,53529
Legnica,dolnośląskie,98436
Lesko,podkarpackie,5406
Leszno,wielkopolskie,62854
Leśna,dolnośląskie,4391
Leśnica,opolskie,2564
Lewin Brzeski,opolskie,5696
Leżajsk,podkarpackie,13585
Lębork,pomorskie,35101
Lędziny,śląskie,16731
Libiąż,małopolskie,16838
Lidzbark,warmińsko-mazurskie,7635
Lidzbark Warmiński,warmińsko-mazurskie,15489
Limanowa,małopolskie,15067
Lipiany,zachodniopomorskie,3887
Lipno,kujawsko-pomorskie,14283
Lipsk,podlaskie,2250
Lipsko,mazowieckie,5377
Lubaczów,podkarpackie,11830
Lubań,dolnośląskie,20723
Lubartów,lubelskie,21636
Lubawa,warmińsko-mazurskie,10374
Lubawka,dolnośląskie,5940
Lubień Kujawski,kujawsko-pomorskie,1377
Lubin,dolnośląskie,71710
Lublin,lubelskie,338586
Lubliniec,śląskie,23551
Lubniewice,lubuskie,2080
Lubomierz,dolnośląskie,1987
Luboń,wielkopolskie,32015
Lubowidz,mazowieckie,1645
Lubraniec,kujawsko-pomorskie,2927
Lubsko,lubuskie,13733
Lubycza Królewska,lubelskie,2424
Lutomiersk,łódzkie,1569
Lututów,łódzkie,2241
Lwówek,wielkopolskie,2933
Lwówek Śląski,dolnośląskie,8753
Łabiszyn,kujawsko-pomorskie,4501
Łagów,świętokrzyskie,1543
Łańcut,podkarpackie,17675
Łapy,podlaskie,15412
Łasin,kujawsko-pomorskie,3161
Łask,łódzkie,16925
Łaskarzew,mazowieckie,4809
Łaszczów,lubelskie,2111
Łaziska Górne,śląskie,22130
Łazy,śląskie,6744
Łeba,pomorskie,3541
Łęczna,lubelskie,18675
Łęczyca,łódzkie,13786
Łęknica,lubuskie,2396
Łobez,zachodniopomorskie,10048
Łobżenica,wielkopolskie,2939
Łochów,mazowieckie,6822
Łomianki,mazowieckie,17080
Łomża,podlaskie,62573
Łopuszno,świętokrzyskie,1402
Łosice,mazowieckie,7023
Łowicz,łódzkie,27896
Łódź,łódzkie,672185
Łuków,lubelskie,29441
Maciejowice,mazowieckie,1410
Magnuszew,mazowieckie,966
Maków Mazowiecki,mazowieckie,9575
Maków Podhalański,małopolskie,5769
Malbork,pomorskie,38101
Małkinia Górna,mazowieckie,4834
Małogoszcz,świętokrzyskie,3670
Małomice,lubuskie,3496
Margonin,wielkopolskie,2984
Marki,mazowieckie,36816
Maszewo,zachodniopomorskie,3346
Miasteczko Krajeńskie,wielkopolskie,1080
Miasteczko Śląskie,śląskie,7418
Miastko,pomorskie,10211
Michałowo,podlaskie,2983
Miechów,małopolskie,11500
Miejska Górka,wielkopolskie,3203
Mielec,podkarpackie,60075
Mielno,zachodniopomorskie,2898
Mieroszów,dolnośląskie,3964
Mieszkowice,zachodniopomorskie,3577
Mieścisko,wielkopolskie,2362
Międzybórz,dolnośląskie,2341
Międzychód,wielkopolskie,10476
Międzylesie,dolnośląskie,2514
Międzyrzec Podlaski,lubelskie,16667
Międzyrzecz,lubuskie,17667
Międzyzdroje,zachodniopomorskie,5307
Miękinia,dolnośląskie,2078
Mikołajki,warmińsko-mazurskie,3741
Mikołów,śląskie,41003
Mikstat,wielkopolskie,1812
Milanówek,mazowieckie,16478
Milicz,dolnośląskie,11199
Miłakowo,warmińsko-mazurskie,2540
Miłomłyn,warmińsko-mazurskie,2421
Miłosław,wielkopolskie,3534
Mińsk Mazowiecki,mazowieckie,40916
Mirosławiec,zachodniopomorskie,3054
Mirsk,dolnośląskie,3786
Mława,mazowieckie,31129
Młynary,warmińsko-mazurskie,1763
Modliborzyce,lubelskie,1459
Mogielnica,mazowieckie,2193
Mogilno,kujawsko-pomorskie,11652
Mońki,podlaskie,9933
Morawica,świętokrzyskie,1708
Morąg,warmińsko-mazurskie,13459
Mordy,mazowieckie,1710
Moryń,zachodniopomorskie,1612
Mosina,wielkopolskie,14255
Mrągowo,warmińsko-mazurskie,21302
Mrocza,kujawsko-pomorskie,4298
Mrozy,mazowieckie,3586
Mszana Dolna,małopolskie,7899
Mszczonów,mazowieckie,6290
Murowana Goślina,wielkopolskie,10410
Muszyna,małopolskie,4737
Mysłowice,śląskie,74559
Myszków,śląskie,31261
Myszyniec,mazowieckie,3397
Myślenice,małopolskie,18325
Myślibórz,zachodniopomorskie,11049
Nakło nad Notecią,kujawsko-pomorskie,18026
Nałęczów,lubelskie,3727
Namysłów,opolskie,16622
Narol,podkarpackie,2040
Nasielsk,mazowieckie,7650
Nekla,wielkopolskie,3851
Nidzica,warmińsko-mazurskie,13547
Niemcza,dolnośląskie,2932
Niemodlin,opolskie,6223
Niepołomice,małopolskie,14022
Nieszawa,kujawsko-pomorskie,1834
Nisko,podkarpackie,15193
Nowa Dęba,podkarpackie,11006
Nowa Ruda,dolnośląskie,21643
Nowa Sarzyna,podkarpackie,5740
Nowa Słupia,świętokrzyskie,1356
Nowa Sól,lubuskie,38191
Nowe,kujawsko-pomorskie,5724
Nowe Brzesko,małopolskie,1654
Nowe Miasteczko,lubuskie,2724
Nowe Miasto,mazowieckie,1530
Nowe Miasto Lubawskie,warmińsko-mazurskie,10709
Nowe Miasto nad Pilicą,mazowieckie,3672
Nowe Skalmierzyce,wielkopolskie,4744
Nowe Warpno,zachodniopomorskie,1178
Nowogard,zachodniopomorskie,16448
Nowogrodziec,dolnośląskie,4263
Nowogród,podlaskie,2150
Nowogród Bobrzański,lubuskie,5060
Nowy Dwór Gdański,pomorskie,9862
Nowy Dwór Mazowiecki,mazowieckie,28691
Nowy Korczyn,świętokrzyskie,904
Nowy Sącz,małopolskie,83558
Nowy Staw,pomorskie,4226
Nowy Targ,małopolskie,33257
Nowy Tomyśl,wielkopolskie,14319
Nowy Wiśnicz,małopolskie,2763
Nysa,opolskie,43356
Oborniki,wielkopolskie,17848
Oborniki Śląskie,dolnośląskie,9075
Obrzycko,wielkopolskie,2385
Odolanów,wielkopolskie,5114
Odrzywół,mazowieckie,967
Ogrodzieniec,śląskie,4243
Okonek,wielkopolskie,3842
Olecko,warmińsko-mazurskie,16364
Olesno,opolskie,9353
Oleszyce,podkarpackie,2948
Oleśnica,dolnośląskie,36979
Oleśnica,świętokrzyskie,1809
Olkusz,małopolskie,34757
Olsztyn,śląskie,2499
Olsztyn,warmińsko-mazurskie,171249
Olsztynek,warmińsko-mazurskie,7491
Olszyna,dolnośląskie,4325
Oława,dolnośląskie,33087
Opalenica,wielkopolskie,9545
Opatowiec,świętokrzyskie,336
Opatów,świętokrzyskie,6374
Opatówek,wielkopolskie,3611
Opoczno,łódzkie,20746
Opole,opolskie,127839
Opole Lubelskie,lubelskie,8320
Orneta,warmińsko-mazurskie,8648
Orzesze,śląskie,21290
Orzysz,warmińsko-mazurskie,5526
Osieck,mazowieckie,1099
Osieczna,wielkopolskie,2392
Osiek,świętokrzyskie,1970
Osjaków,łódzkie,1350
Ostrołęka,mazowieckie,51656
Ostroróg,wielkopolskie,1916
Ostrowiec Świętokrzyski,świętokrzyskie,67404
Ostróda,warmińsko-mazurskie,32714
Ostrów Lubelski,lubelskie,2089
Ostrów Mazowiecka,mazowieckie,22216
Ostrów Wielkopolski,wielkopolskie,71560
Ostrzeszów,wielkopolskie,13964
Ośno Lubuskie,lubuskie,3896
Oświęcim,małopolskie,37569
Otmuchów,opolskie,6474
Otwock,mazowieckie,44317
Otyń,lubuskie,1641
Ozimek,opolskie,8480
Ozorków,łódzkie,19128
Ożarów,świętokrzyskie,4451
Ożarów Mazowiecki,mazowieckie,12432
Pabianice,łódzkie,63945
Pacanów,świętokrzyskie,1132
Paczków,opolskie,7366
Pajęczno,łódzkie,6651
Pakość,kujawsko-pomorskie,5624
Parczew,lubelskie,10555
Parzęczew,łódzkie,919
Pasłęk,warmińsko-mazurskie,12117
Pasym,warmińsko-mazurskie,2498
Pelplin,pomorskie,7597
Pełczyce,zachodniopomorskie,2595
Piaseczno,mazowieckie,48670
Piaski,lubelskie,2531
Piastów,mazowieckie,22559
Piątek,łódzkie,1690
Piechowice,dolnośląskie,6082
Piekary Śląskie,śląskie,54702
Piekoszów,świętokrzyskie,3167
Pieniężno,warmińsko-mazurskie,2679
Pieńsk,dolnośląskie,5767
Pierzchnica,świętokrzyskie,1160
Pieszyce,dolnośląskie,7012
Pilawa,mazowieckie,4564
Pilica,śląskie,1917
Pilzno,podkarpackie,4958
Piła,wielkopolskie,72527
Piława Górna,dolnośląskie,6364
Pińczów,świętokrzyskie,10524
Pionki,mazowieckie,17902
Piotrków Kujawski,kujawsko-pomorskie,4392
Piotrków Trybunalski,łódzkie,72250
Pisz,warmińsko-mazurskie,19029
Piszczac,lubelskie,2825
Piwniczna-Zdrój,małopolskie,5793
Pleszew,wielkopolskie,16953
Płock,mazowieckie,118268
Płońsk,mazowieckie,21924
Płoty,zachodniopomorskie,3900
Pniewy,wielkopolskie,8084
Pobiedziska,wielkopolskie,9451
Poddębice,łódzkie,7245
Podkowa Leśna,mazowieckie,3801
Pogorzela,wielkopolskie,2087
Polanica-Zdrój,dolnośląskie,6228
Polanów,zachodniopomorskie,2881
Police,zachodniopomorskie,32243
Polkowice,dolnośląskie,22435
Połaniec,świętokrzyskie,7988
Połczyn-Zdrój,zachodniopomorskie,7987
Poniatowa,lubelskie,8980
Poniec,wielkopolskie,2878
Poręba,śląskie,8461
Poznań,wielkopolskie,532048
Prabuty,pomorskie,8625
Praszka,opolskie,7515
Prochowice,dolnośląskie,3556
Proszowice,małopolskie,5977
Prószków,opolskie,2561
Pruchnik,podkarpackie,3740
Prudnik,opolskie,20671
Prusice,dolnośląskie,2226
Pruszcz,kujawsko-pomorskie,2710
Pruszcz Gdański,pomorskie,31578
Pruszków,mazowieckie,62623
Przasnysz,mazowieckie,17055
Przecław,podkarpackie,1788
Przedbórz,łódzkie,3458
Przedecz,wielkopolskie,1621
Przemków,dolnośląskie,6079
Przemyśl,podkarpackie,59779
Przeworsk,podkarpackie,15105
Przyrów,śląskie,1144
Przysucha,mazowieckie,5769
Przytyk,mazowieckie,907
Pszczyna,śląskie,25702
Pszów,śląskie,13734
Puck,pomorskie,11139
Puławy,lubelskie,46965
Pułtusk,mazowieckie,19294
Puszczykowo,wielkopolskie,9575
Pyrzyce,zachodniopomorskie,12484
Pyskowice,śląskie,18455
Pyzdry,wielkopolskie,3092
Rabka-Zdrój,małopolskie,12662
Raciąż,mazowieckie,4390
Racibórz,śląskie,54259
Radków,dolnośląskie,2401
Radlin,śląskie,17665
Radłów,małopolskie,2757
Radom,mazowieckie,209296
Radomsko,łódzkie,45353
Radomyśl Wielki,podkarpackie,3225
Radoszyce,świętokrzyskie,3095
Radymno,podkarpackie,5214
Radziejów,kujawsko-pomorskie,5499
Radzionków,śląskie,16903
Radzymin,mazowieckie,13313
Radzyń Chełmiński,kujawsko-pomorskie,1784
Radzyń Podlaski,lubelskie,15428
Rajgród,podlaskie,1539
Rakoniewice,wielkopolskie,3619
Raszków,wielkopolskie,2119
Rawa Mazowiecka,łódzkie,17193
Rawicz,wielkopolskie,20187
Recz,zachodniopomorskie,2873
Reda,pomorskie,26707
Rejowiec,lubelskie,2026
Rejowiec Fabryczny,lubelskie,4328
Resko,zachodniopomorskie,4147
Reszel,warmińsko-mazurskie,4535
Rogoźno,wielkopolskie,11124
Ropczyce,podkarpackie,15864
Rozprza,łódzkie,1689
Różan,mazowieckie,2698
Ruciane-Nida,warmińsko-mazurskie,4434
Ruda Śląska,śląskie,136423
Rudnik nad Sanem,podkarpackie,6677
Rumia,pomorskie,49536
Rybnik,śląskie,137128
Rychtal,wielkopolskie,1347
Rychwał,wielkopolskie,2353
Rydułtowy,śląskie,21385
Rydzyna,wielkopolskie,2919
Ryglice,małopolskie,2830
Ryki,lubelskie,9531
Rymanów,podkarpackie,3774
Ryn,warmińsko-mazurskie,2827
Rypin,kujawsko-pomorskie,15999
Rzepin,lubuskie,6485
Rzeszów,podkarpackie,197863
Rzgów,łódzkie,3382
Sandomierz,świętokrzyskie,22997
Sanniki,mazowieckie,1932
Sanok,podkarpackie,36999
Sejny,podlaskie,5159
Serock,mazowieckie,4658
Sędziszów,świętokrzyskie,6359
Sędziszów Małopolski,podkarpackie,12415
Sępopol,warmińsko-mazurskie,1883
Sępólno Krajeńskie,kujawsko-pomorskie,9004
Sianów,zachodniopomorskie,6560
Siechnice,dolnośląskie,8851
Siedlce,mazowieckie,77813
Siedliszcze,lubelskie,1406
Siemianowice Śląskie,śląskie,66270
Siemiatycze,podlaskie,14210
Sieniawa,podkarpackie,2132
Siennica,mazowieckie,2309
Sienno,mazowieckie,928
Sieradz,łódzkie,41390
Sieraków,wielkopolskie,5956
Sierpc,mazowieckie,17788
Siewierz,śląskie,5544
Skalbmierz,świętokrzyskie,1263
Skała,małopolskie,3755
Skarszewy,pomorskie,7015
Skaryszew,mazowieckie,4310
Skarżysko-Kamienna,świętokrzyskie,44260
Skawina,małopolskie,24366
Skępe,kujawsko-pomorskie,3542
Skierniewice,łódzkie,47655
Skoczów,śląskie,14116
Skoki,wielkopolskie,4462
Skórcz,pomorskie,3603
Skwierzyna,lubuskie,9454
Sława,lubuskie,4268
Sławków,śląskie,6935
Sławno,zachodniopomorskie,12357
Słomniki,małopolskie,4293
Słubice,lubuskie,16623
Słupca,wielkopolskie,13564
Słupsk,pomorskie,89780
Sobków,świętokrzyskie,997
Sobótka,dolnośląskie,6954
Sochaczew,mazowieckie,35891
Sochocin,mazowieckie,1900
Sokołów Małopolski,podkarpackie,4210
Sokołów Podlaski,mazowieckie,18814
Sokółka,podlaskie,17967
Solec Kujawski,kujawsko-pomorskie,15614
Solec nad Wisłą,mazowieckie,939
Sompolno,wielkopolskie,3472
Sopot,pomorskie,35286
Sosnowiec,śląskie,197586
Sośnicowice,śląskie,1927
Stalowa Wola,podkarpackie,59623
Stanisławów,mazowieckie,1770
Starachowice,świętokrzyskie,47638
Stargard,zachodniopomorskie,67579
Starogard Gdański,pomorskie,47272
Staroźreby,mazowieckie,2154
Stary Sącz,małopolskie,9016
Staszów,świętokrzyskie,14534
Stawiski,podlaskie,2159
Stawiszyn,wielkopolskie,1461
Stąporków,świętokrzyskie,5569
Stepnica,zachodniopomorskie,2464
Stęszew,wielkopolskie,5903
Stoczek Łukowski,lubelskie,2480
Stopnica,świętokrzyskie,1414
Stronie Śląskie,dolnośląskie,5616
Strumień,śląskie,3659
Stryków,łódzkie,3428
Strzegom,dolnośląskie,15873
Strzelce Krajeńskie,lubuskie,9833
Strzelce Opolskie,opolskie,17657
Strzeleczki,opolskie,1539
Strzelin,dolnośląskie,12383
Strzelno,kujawsko-pomorskie,5589
Strzyżów,podkarpackie,8781
Sucha Beskidzka,małopolskie,9044
Suchań,zachodniopomorskie,1440
Suchedniów,świętokrzyskie,8248
Suchowola,podlaskie,2137
Sulechów,lubuskie,16592
Sulejów,łódzkie,6130
Sulejówek,mazowieckie,19951
Sulęcin,lubuskie,10005
Sulmierzyce,wielkopolskie,2831
Sułkowice,małopolskie,6658
Supraśl,podlaskie,4582
Suraż,podlaskie,983
Susz,warmińsko-mazurskie,5529
Suwałki,podlaskie,69639
Swarzędz,wielkopolskie,29862
Syców,dolnośląskie,10340
Szadek,łódzkie,1898
Szamocin,wielkopolskie,4192
Szamotuły,wielkopolskie,18736
Szczawnica,małopolskie,5655
Szczawno-Zdrój,dolnośląskie,5534
Szczebrzeszyn,lubelskie,4962
Szczecin,zachodniopomorskie,398255
Szczecinek,zachodniopomorskie,39827
Szczekociny,śląskie,3532
Szczucin,małopolskie,4154
Szczuczyn,podlaskie,3341
Szczyrk,śląskie,5711
Szczytna,dolnośląskie,5044
Szczytno,warmińsko-mazurskie,22813
Szepietowo,podlaskie,2157
Szklarska Poręba,dolnośląskie,6653
Szlichtyngowa,lubuskie,1266
Szprotawa,lubuskie,11530
Sztum,pomorskie,9798
Szubin,kujawsko-pomorskie,9578
Szydłowiec,mazowieckie,11557
Szydłów,świętokrzyskie,1095
Ścinawa,dolnośląskie,5526
Ślesin,wielkopolskie,3124
Śmigiel,wielkopolskie,5621
Śrem,wielkopolskie,29176
Środa Śląska,dolnośląskie,9562
Środa Wielkopolska,wielkopolskie,23672
Świątniki Górne,małopolskie,2441
Świdnica,dolnośląskie,56222
Świdnik,lubelskie,38763
Świdwin,zachodniopomorskie,15338
Świebodzice,dolnośląskie,22642
Świebodzin,lubuskie,21550
Świecie,kujawsko-pomorskie,25486
Świeradów-Zdrój,dolnośląskie,3995
Świerzawa,dolnośląskie,2234
Świętochłowice,śląskie,49108
Świnoujście,zachodniopomorskie,40948
Tarczyn,mazowieckie,4150
Tarnobrzeg,podkarpackie,46360
Tarnogród,lubelskie,3304
Tarnowskie Góry,śląskie,61756
Tarnów,małopolskie,107498
Tczew,pomorskie,59430
Terespol,lubelskie,5457
Tłuszcz,mazowieckie,8167
Tolkmicko,warmińsko-mazurskie,2644
Tomaszów Lubelski,lubelskie,18783
Tomaszów Mazowiecki,łódzkie,61338
Toruń,kujawsko-pomorskie,198613
Torzym,lubuskie,2520
Toszek,śląskie,3569
Trzcianka,wielkopolskie,17009
Trzciel,lubuskie,2339
Trzcińsko-Zdrój,zachodniopomorskie,2200
Trzebiatów,zachodniopomorskie,9899
Trzebinia,małopolskie,19507
Trzebnica,dolnośląskie,13314
Trzemeszno,wielkopolskie,7606
Tuchola,kujawsko-pomorskie,13534
Tuchów,małopolskie,6510
Tuczno,zachodniopomorskie,1919
Tuliszków,wielkopolskie,3204
Tułowice,opolskie,4026
Turek,wielkopolskie,26441
Turobin,lubelskie,873
Tuszyn,łódzkie,7237
Twardogóra,dolnośląskie,6597
Tychowo,zachodniopomorskie,2485
Tychy,śląskie,126871
Tyczyn,podkarpackie,3983
Tykocin,podlaskie,1966
Tyszowce,lubelskie,2054
Ujazd,łódzkie,1694
Ujazd,opolskie,1734
Ujście,wielkopolskie,3623
Ulanów,podkarpackie,1427
Uniejów,łódzkie,2957
Urzędów,lubelskie,1679
Ustka,pomorskie,15199
Ustroń,śląskie,15989
Ustrzyki Dolne,podkarpackie,8917
Wadowice,małopolskie,18379
Wałbrzych,dolnośląskie,109971
Wałcz,zachodniopomorskie,24949
Warka,mazowieckie,11926
Warszawa,mazowieckie,1794166
Warta,łódzkie,3208
Wasilków,podlaskie,11802
Wąbrzeźno,kujawsko-pomorskie,13400
Wąchock,świętokrzyskie,2724
Wągrowiec,wielkopolskie,25607
Wąsosz,dolnośląskie,2647
Wąwolnica,lubelskie,975
Wejherowo,pomorskie,49099
Węgliniec,dolnośląskie,2802
Węgorzewo,warmińsko-mazurskie,11144
Węgorzyno,zachodniopomorskie,2771
Węgrów,mazowieckie,12452
Wiązów,dolnośląskie,2198
Wielbark,warmińsko-mazurskie,2981
Wieleń,wielkopolskie,5758
Wielichowo,wielkopolskie,1774
Wieliczka,małopolskie,24215
Wieluń,łódzkie,21892
Wieruszów,łódzkie,8446
Więcbork,kujawsko-pomorskie,5900
Wilamowice,śląskie,3142
Wiskitki,mazowieckie,1347
Wisła,śląskie,11007
Wiślica,świętokrzyskie,506
Witkowo,wielkopolskie,7706
Witnica,lubuskie,6666
Wleń,dolnośląskie,1725
Władysławowo,pomorskie,9830
Włocławek,kujawsko-pomorskie,108561
Włodawa,lubelskie,12915
Włodowice,śląskie,1124
Włoszczowa,świętokrzyskie,9798
Wodzisław,świętokrzyskie,1082
Wodzisław Śląski,śląskie,47576
Wojcieszów,dolnośląskie,3572
Wojkowice,śląskie,8877
Wojnicz,małopolskie,3310
Wolbórz,łódzkie,2301
Wolbrom,małopolskie,8480
Wolin,zachodniopomorskie,4739
Wolsztyn,wielkopolskie,12859
Wołczyn,opolskie,5787
Wołomin,mazowieckie,36848
Wołów,dolnośląskie,12298
Woźniki,śląskie,4298
Wrocław,dolnośląskie,641928
Wronki,wielkopolskie,11064
Września,wielkopolskie,31000
Wschowa,lubuskie,13717
Wyrzysk,wielkopolskie,5131
Wysoka,wielkopolskie,2614
Wysokie Mazowieckie,podlaskie,9336
Wyszków,mazowieckie,26980
Wyszogród,mazowieckie,2569
Wyśmierzyce,mazowieckie,896
Zabłudów,podlaskie,2490
Zabrze,śląskie,170924
Zagórów,wielkopolskie,2902
Zagórz,podkarpackie,5093
Zakliczyn,małopolskie,1628
Zaklików,podkarpackie,2954
Zakopane,małopolskie,26846
Zakroczym,mazowieckie,3149
Zalewo,warmińsko-mazurskie,2129
Zambrów,podlaskie,21921
Zamość,lubelskie,62785
Zaniemyśl,wielkopolskie,2573
Zator,małopolskie,3616
Zawadzkie,opolskie,7032
Zawichost,świętokrzyskie,1713
Zawidów,dolnośląskie,4132
Zawiercie,śląskie,48703
Ząbki,mazowieckie,38546
Ząbkowice Śląskie,dolnośląskie,14728
Zbąszynek,lubuskie,4997
Zbąszyń,wielkopolskie,7213
Zduny,wielkopolskie,4445
Zduńska Wola,łódzkie,41288
Zdzieszowice,opolskie,11246
Zelów,łódzkie,7459
Zgierz,łódzkie,55673
Zgorzelec,dolnośląskie,29810
Zielona Góra,lubuskie,140892
Zielonka,mazowieckie,17486
Ziębice,dolnośląskie,8531
Złocieniec,zachodniopomorskie,12706
Złoczew,łódzkie,3340
Złotoryja,dolnośląskie,15273
Złotów,wielkopolskie,18437
Złoty Stok,dolnośląskie,2696
Zwierzyniec,lubelskie,3101
Zwoleń,mazowieckie,7660
Żabno,małopolskie,4184
Żagań,lubuskie,25265
Żarki,śląskie,4538
Żarnów,łódzkie,1074
Żarów,dolnośląskie,6648
Żary,lubuskie,37052
Żelechów,mazowieckie,3895
Żerków,wielkopolskie,2109
Żmigród,dolnośląskie,6444
Żnin,kujawsko-pomorskie,13623
Żory,śląskie,62844
Żukowo,pomorskie,8135
Żuromin,mazowieckie,8756
Żychlin,łódzkie,7964
Żyrardów,mazowieckie,39550
Żywiec,śląskie,30733
