Kod,Wojewodztwo
00-001,mazowieckie
05-070,mazowieckie
05-071,mazowieckie
05-074,mazowieckie
05-079,mazowieckie
05-080,mazowieckie
05-082,mazowieckie
05-083,mazowieckie
05-084,mazowieckie
05-085,mazowieckie
05-088,mazowieckie
05-090,mazowieckie
05-091,mazowieckie
05-092,mazowieckie
05-100,mazowieckie
05-101,mazowieckie
05-102,mazowieckie
05-110,mazowieckie
05-119,mazowieckie
05-120,mazowieckie
05-123,mazowieckie
05-124,mazowieckie
05-126,mazowieckie
05-130,mazowieckie
05-131,mazowieckie
05-135,mazowieckie
05-140,mazowieckie
05-152,mazowieckie
05-155,mazowieckie
05-160,mazowieckie
05-170,mazowieckie
05-180,mazowieckie
05-190,mazowieckie
05-191,mazowieckie
05-192,mazowieckie
05-200,mazowieckie
05-205,mazowieckie
05-220,mazowieckie
05-230,mazowieckie
05-240,mazowieckie
05-250,mazowieckie
05-252,mazowieckie
05-254,mazowieckie
05-255,mazowieckie
05-270,mazowieckie
05-280,mazowieckie
05-281,mazowieckie
05-282,mazowieckie
05-303,mazowieckie
05-304,mazowieckie
05-306,mazowieckie
05-307,mazowieckie
05-310,mazowieckie
05-311,mazowieckie
05-317,mazowieckie
05-319,mazowieckie
05-320,mazowieckie
05-326,mazowieckie
05-332,mazowieckie
05-334,mazowieckie
05-340,mazowieckie
05-400,mazowieckie
05-402,mazowieckie
05-408,mazowieckie
05-430,mazowieckie
05-462,mazowieckie
05-480,mazowieckie
05-500,mazowieckie
05-501,mazowieckie
05-502,mazowieckie
05-503,mazowieckie
05-504,mazowieckie
05-505,mazowieckie
05-506,mazowieckie
05-510,mazowieckie
05-520,mazowieckie
05-530,mazowieckie
05-532,mazowieckie
05-540,mazowieckie
05-552,mazowieckie
05-555,mazowieckie
05-600,mazowieckie
05-604,mazowieckie
05-610,mazowieckie
05-620,mazowieckie
05-622,mazowieckie
05-640,mazowieckie
05-650,mazowieckie
05-652,mazowieckie
05-660,mazowieckie
05-800,mazowieckie
05-802,mazowieckie
05-803,mazowieckie
05-804,mazowieckie
05-805,mazowieckie
05-806,mazowieckie
05-807,mazowieckie
05-808,mazowieckie
05-816,mazowieckie
05-820,mazowieckie
05-822,mazowieckie
05-825,mazowieckie
05-830,mazowieckie
05-831,mazowieckie
05-840,mazowieckie
05-850,mazowieckie
05-860,mazowieckie
05-870,mazowieckie
06-100,mazowieckie
06-102,mazowieckie
06-114,mazowieckie
06-120,mazowieckie
06-121,mazowieckie
06-124,mazowieckie
06-126,mazowieckie
06-141,mazowieckie
06-150,mazowieckie
06-200,mazowieckie
06-210,mazowieckie
06-211,mazowieckie
06-212,mazowieckie
06-213,mazowieckie
06-214,mazowieckie
06-216,mazowieckie
06-220,mazowieckie
06-225,mazowieckie
06-230,mazowieckie
06-231,mazowieckie
06-232,mazowieckie
06-300,mazowieckie
06-316,mazowieckie
06-320,mazowieckie
06-323,mazowieckie
06-330,mazowieckie
06-333,mazowieckie
06-400,mazowieckie
06-404,mazowieckie
06-405,mazowieckie
06-406,mazowieckie
06-407,mazowieckie
06-408,mazowieckie
06-410,mazowieckie
06-413,mazowieckie
06-415,mazowieckie
06-420,mazowieckie
06-425,mazowieckie
06-430,mazowieckie
06-440,mazowieckie
06-445,mazowieckie
06-450,mazowieckie
06-452,mazowieckie
06-455,mazowieckie
06-456,mazowieckie
06-458,mazowieckie
06-460,mazowieckie
06-461,mazowieckie
06-500,mazowieckie
06-513,mazowieckie
06-516,mazowieckie
06-520,mazowieckie
06-521,mazowieckie
06-522,mazowieckie
06-540,mazowieckie
06-544,mazowieckie
06-545,mazowieckie
06-550,mazowieckie
06-560,mazowieckie
06-561,mazowieckie
07-100,mazowieckie
07-104,mazowieckie
07-106,mazowieckie
07-110,mazowieckie
07-111,mazowieckie
07-120,mazowieckie
07-130,mazowieckie
07-132,mazowieckie
07-140,mazowieckie
07-200,mazowieckie
07-201,mazowieckie
07-202,mazowieckie
07-203,mazowieckie
07-205,mazowieckie
07-206,mazowieckie
07-207,mazowieckie
07-210,mazowieckie
07-211,mazowieckie
07-214,mazowieckie
07-215,mazowieckie
07-217,mazowieckie
07-221,mazowieckie
07-230,mazowieckie
07-300,mazowieckie
07-302,mazowieckie
07-303,mazowieckie
07-304,mazowieckie
07-305,mazowieckie
07-306,mazowieckie
07-308,mazowieckie
07-310,mazowieckie
07-311,mazowieckie
07-319,mazowieckie
07-320,mazowieckie
07-322,mazowieckie
07-323,mazowieckie
07-324,mazowieckie
07-325,mazowieckie
07-401,mazowieckie
07-402,mazowieckie
07-405,mazowieckie
07-407,mazowieckie
07-409,mazowieckie
07-410,mazowieckie
07-411,mazowieckie
07-415,mazowieckie
07-416,mazowieckie
07-417,mazowieckie
07-420,mazowieckie
07-430,mazowieckie
07-431,mazowieckie
07-436,mazowieckie
07-437,mazowieckie
07-438,mazowieckie
07-440,mazowieckie
08-101,mazowieckie
08-103,mazowieckie
08-104,mazowieckie
08-106,mazowieckie
08-107,mazowieckie
08-108,mazowieckie
08-109,mazowieckie
08-110,mazowieckie
08-111,mazowieckie
08-112,mazowieckie
08-113,mazowieckie
08-114,mazowieckie
08-116,mazowieckie
08-117,mazowieckie
08-119,mazowieckie
08-122,mazowieckie
08-124,mazowieckie
08-125,mazowieckie
08-130,mazowieckie
08-140,mazowieckie
08-200,mazowieckie
08-205,mazowieckie
08-206,mazowieckie
08-207,mazowieckie
08-210,mazowieckie
08-220,mazowieckie
08-221,mazowieckie
08-300,mazowieckie
08-304,mazowieckie
08-307,mazowieckie
08-311,mazowieckie
08-320,mazowieckie
08-322,mazowieckie
08-330,mazowieckie
08-331,mazowieckie
08-400,mazowieckie
08-404,mazowieckie
08-410,mazowieckie
08-412,mazowieckie
08-420,mazowieckie
08-430,mazowieckie
08-440,mazowieckie
08-441,mazowieckie
08-443,mazowieckie
08-445,mazowieckie
08-450,mazowieckie
08-455,mazowieckie
08-460,mazowieckie
08-470,mazowieckie
08-480,mazowieckie
08-500,lubelskie
08-503,lubelskie
08-504,lubelskie
08-530,lubelskie
08-540,lubelskie
08-550,lubelskie
09-100,mazowieckie
09-110,mazowieckie
09-120,mazowieckie
09-130,mazowieckie
09-131,mazowieckie
09-134,mazowieckie
09-135,mazowieckie
09-136,mazowieckie
09-138,mazowieckie
09-140,mazowieckie
09-141,mazowieckie
09-142,mazowieckie
09-150,mazowieckie
09-151,mazowieckie
09-152,mazowieckie
09-162,mazowieckie
09-164,mazowieckie
09-166,mazowieckie
09-200,mazowieckie
09-204,mazowieckie
09-209,mazowieckie
09-210,mazowieckie
09-212,mazowieckie
09-213,mazowieckie
09-214,mazowieckie
09-216,mazowieckie
09-226,mazowieckie
09-227,mazowieckie
09-228,mazowieckie
09-230,mazowieckie
09-300,mazowieckie
09-303,mazowieckie
09-304,mazowieckie
09-310,mazowieckie
09-317,mazowieckie
09-320,mazowieckie
09-321,mazowieckie
09-400,mazowieckie
09-401,mazowieckie
09-402,mazowieckie
09-407,mazowieckie
09-408,mazowieckie
09-409,mazowieckie
09-410,mazowieckie
09-411,mazowieckie
09-412,mazowieckie
09-413,mazowieckie
09-414,mazowieckie
09-440,mazowieckie
09-442,mazowieckie
09-450,mazowieckie
09-451,mazowieckie
09-452,mazowieckie
09-454,mazowieckie
09-460,mazowieckie
09-470,mazowieckie
09-471,mazowieckie
09-472,mazowieckie
09-500,mazowieckie
09-504,mazowieckie
09-505,mazowieckie
09-506,mazowieckie
09-520,mazowieckie
09-522,mazowieckie
09-530,mazowieckie
09-533,mazowieckie
09-540,mazowieckie
09-541,mazowieckie
09-550,mazowieckie
10-001,warmińsko-mazurskie
10-370,warmińsko-mazurskie
10-371,warmińsko-mazurskie
10-373,warmińsko-mazurskie
10-374,warmińsko-mazurskie
10-376,warmińsko-mazurskie
10-381,warmińsko-mazurskie
10-687,warmińsko-mazurskie
11-001,warmińsko-mazurskie
11-008,warmińsko-mazurskie
11-010,warmińsko-mazurskie
11-015,warmińsko-mazurskie
11-030,warmińsko-mazurskie
11-034,warmińsko-mazurskie
11-036,warmińsko-mazurskie
11-040,warmińsko-mazurskie
11-042,warmińsko-mazurskie
11-100,warmińsko-mazurskie
11-106,warmińsko-mazurskie
11-130,warmińsko-mazurskie
11-135,warmińsko-mazurskie
11-200,warmińsko-mazurskie
11-210,warmińsko-mazurskie
11-214,warmińsko-mazurskie
11-220,warmińsko-mazurskie
11-230,warmińsko-mazurskie
11-300,warmińsko-mazurskie
11-311,warmińsko-mazurskie
11-320,warmińsko-mazurskie
11-400,warmińsko-mazurskie
11-410,warmińsko-mazurskie
11-420,warmińsko-mazurskie
11-430,warmińsko-mazurskie
11-440,warmińsko-mazurskie
11-500,warmińsko-mazurskie
11-510,warmińsko-mazurskie
11-513,warmińsko-mazurskie
11-520,warmińsko-mazurskie
11-600,warmińsko-mazurskie
11-606,warmińsko-mazurskie
11-610,warmińsko-mazurskie
11-612,warmińsko-mazurskie
11-700,warmińsko-mazurskie
11-710,warmińsko-mazurskie
11-730,warmińsko-mazurskie
11-731,warmińsko-mazurskie
12-100,warmińsko-mazurskie
12-114,warmińsko-mazurskie
12-120,warmińsko-mazurskie
12-122,warmińsko-mazurskie
12-130,warmińsko-mazurskie
12-140,warmińsko-mazurskie
12-150,warmińsko-mazurskie
12-160,warmińsko-mazurskie
12-200,warmińsko-mazurskie
12-220,warmińsko-mazurskie
12-230,warmińsko-mazurskie
12-250,warmińsko-mazurskie
13-100,warmińsko-mazurskie
13-111,warmińsko-mazurskie
13-113,warmińsko-mazurskie
13-124,warmińsko-mazurskie
13-200,warmińsko-mazurskie
13-203,warmińsko-mazurskie
13-206,warmińsko-mazurskie
13-220,warmińsko-mazurskie
13-230,warmińsko-mazurskie
13-240,warmińsko-mazurskie
13-300,warmińsko-mazurskie
13-304,warmińsko-mazurskie
13-306,warmińsko-mazurskie
13-324,warmińsko-mazurskie
13-330,warmińsko-mazurskie
13-332,warmińsko-mazurskie
13-334,warmińsko-mazurskie
13-340,warmińsko-mazurskie
14-100,warmińsko-mazurskie
14-105,warmińsko-mazurskie
14-106,warmińsko-mazurskie
14-107,warmińsko-mazurskie
14-120,warmińsko-mazurskie
14-133,warmińsko-mazurskie
14-140,warmińsko-mazurskie
14-200,warmińsko-mazurskie
14-202,warmińsko-mazurskie
14-204,warmińsko-mazurskie
14-220,warmińsko-mazurskie
14-229,warmińsko-mazurskie
14-230,warmińsko-mazurskie
14-240,warmińsko-mazurskie
14-241,warmińsko-mazurskie
14-260,warmińsko-mazurskie
14-300,warmińsko-mazurskie
14-310,warmińsko-mazurskie
14-330,warmińsko-mazurskie
14-400,warmińsko-mazurskie
14-405,warmińsko-mazurskie
14-407,warmińsko-mazurskie
14-411,warmińsko-mazurskie
14-420,warmińsko-mazurskie
14-500,warmińsko-mazurskie
14-520,warmińsko-mazurskie
14-521,warmińsko-mazurskie
14-526,warmińsko-mazurskie
14-530,warmińsko-mazurskie
15-001,podlaskie
15-378,podlaskie
15-509,podlaskie
15-511,podlaskie
15-523,podlaskie
15-528,podlaskie
15-592,podlaskie
15-593,podlaskie
15-603,podlaskie
15-604,podlaskie
15-605,podlaskie
15-606,podlaskie
15-608,podlaskie
15-616,podlaskie
15-623,podlaskie
15-635,podlaskie
15-694,podlaskie
16-001,podlaskie
16-002,podlaskie
16-005,podlaskie
16-010,podlaskie
16-020,podlaskie
16-030,podlaskie
16-040,podlaskie
16-050,podlaskie
16-060,podlaskie
16-061,podlaskie
16-070,podlaskie
16-075,podlaskie
16-080,podlaskie
16-100,podlaskie
16-113,podlaskie
16-120,podlaskie
16-123,podlaskie
16-124,podlaskie
16-130,podlaskie
16-140,podlaskie
16-150,podlaskie
16-200,podlaskie
16-205,podlaskie
16-300,podlaskie
16-304,podlaskie
16-310,podlaskie
16-315,podlaskie
16-316,podlaskie
16-320,podlaskie
16-326,podlaskie
16-402,podlaskie
16-404,podlaskie
16-405,podlaskie
16-406,podlaskie
16-407,podlaskie
16-411,podlaskie
16-412,podlaskie
16-413,podlaskie
16-420,podlaskie
16-423,podlaskie
16-424,podlaskie
16-427,podlaskie
16-500,podlaskie
16-503,podlaskie
16-506,podlaskie
16-515,podlaskie
17-100,podlaskie
17-106,podlaskie
17-111,podlaskie
17-120,podlaskie
17-123,podlaskie
17-132,podlaskie
17-200,podlaskie
17-204,podlaskie
17-207,podlaskie
17-210,podlaskie
17-220,podlaskie
17-230,podlaskie
17-240,podlaskie
17-250,podlaskie
17-300,podlaskie
17-306,podlaskie
17-307,podlaskie
17-312,podlaskie
17-315,podlaskie
17-322,podlaskie
17-330,podlaskie
17-332,podlaskie
18-100,podlaskie
18-105,podlaskie
18-106,podlaskie
18-112,podlaskie
18-200,podlaskie
18-204,podlaskie
18-208,podlaskie
18-210,podlaskie
18-212,podlaskie
18-214,podlaskie
18-218,podlaskie
18-220,podlaskie
18-230,podlaskie
18-300,podlaskie
18-305,podlaskie
18-312,podlaskie
18-315,podlaskie
18-400,podlaskie
18-411,podlaskie
18-413,podlaskie
18-414,podlaskie
18-416,podlaskie
18-420,podlaskie
18-421,podlaskie
18-423,podlaskie
18-430,podlaskie
18-500,podlaskie
18-507,podlaskie
18-516,podlaskie
18-520,podlaskie
18-525,podlaskie
19-100,podlaskie
19-104,podlaskie
19-110,podlaskie
19-111,podlaskie
19-120,podlaskie
19-122,podlaskie
19-124,podlaskie
19-200,podlaskie
19-206,podlaskie
19-213,podlaskie
19-222,podlaskie
19-230,podlaskie
19-300,warmińsko-mazurskie
19-301,warmińsko-mazurskie
19-311,warmińsko-mazurskie
19-313,warmińsko-mazurskie
19-314,warmińsko-mazurskie
19-321,warmińsko-mazurskie
19-324,warmińsko-mazurskie
19-325,warmińsko-mazurskie
19-326,warmińsko-mazurskie
19-330,warmińsko-mazurskie
19-335,warmińsko-mazurskie
19-400,warmińsko-mazurskie
19-404,warmińsko-mazurskie
19-411,warmińsko-mazurskie
19-420,warmińsko-mazurskie
19-500,warmińsko-mazurskie
19-504,warmińsko-mazurskie
19-506,warmińsko-mazurskie
19-507,warmińsko-mazurskie
19-520,warmińsko-mazurskie
20-001,lubelskie
20-258,lubelskie
20-388,lubelskie
20-515,lubelskie
20-823,lubelskie
21-002,lubelskie
21-003,lubelskie
21-007,lubelskie
21-008,lubelskie
21-010,lubelskie
21-013,lubelskie
21-020,lubelskie
21-025,lubelskie
21-030,lubelskie
21-040,lubelskie
21-044,lubelskie
21-050,lubelskie
21-060,lubelskie
21-065,lubelskie
21-070,lubelskie
21-075,lubelskie
21-077,lubelskie
21-080,lubelskie
21-100,lubelskie
21-102,lubelskie
21-104,lubelskie
21-107,lubelskie
21-109,lubelskie
21-110,lubelskie
21-132,lubelskie
21-136,lubelskie
21-140,lubelskie
21-143,lubelskie
21-146,lubelskie
21-150,lubelskie
21-200,lubelskie
21-205,lubelskie
21-210,lubelskie
21-211,lubelskie
21-220,lubelskie
21-222,lubelskie
21-230,lubelskie
21-300,lubelskie
21-302,lubelskie
21-305,lubelskie
21-306,lubelskie
21-307,lubelskie
21-310,lubelskie
21-311,lubelskie
21-345,lubelskie
21-400,lubelskie
21-404,lubelskie
21-411,lubelskie
21-412,lubelskie
21-413,lubelskie
21-421,lubelskie
21-422,lubelskie
21-426,lubelskie
21-450,lubelskie
21-470,lubelskie
21-480,lubelskie
21-500,lubelskie
21-504,lubelskie
21-505,lubelskie
21-509,lubelskie
21-512,lubelskie
21-515,lubelskie
21-518,lubelskie
21-523,lubelskie
21-526,lubelskie
21-530,lubelskie
21-532,lubelskie
21-533,lubelskie
21-536,lubelskie
21-540,lubelskie
21-542,lubelskie
21-543,lubelskie
21-550,lubelskie
21-560,lubelskie
21-564,lubelskie
21-570,lubelskie
21-580,lubelskie
22-100,lubelskie
22-105,lubelskie
22-106,lubelskie
22-107,lubelskie
22-110,lubelskie
22-113,lubelskie
22-114,lubelskie
22-120,lubelskie
22-121,lubelskie
22-122,lubelskie
22-130,lubelskie
22-133,lubelskie
22-135,lubelskie
22-145,lubelskie
22-150,lubelskie
22-151,lubelskie
22-170,lubelskie
22-171,lubelskie
22-172,lubelskie
22-174,lubelskie
22-175,lubelskie
22-200,lubelskie
22-205,lubelskie
22-206,lubelskie
22-207,lubelskie
22-211,lubelskie
22-220,lubelskie
22-230,lubelskie
22-234,lubelskie
22-235,lubelskie
22-244,lubelskie
22-300,lubelskie
22-302,lubelskie
22-304,lubelskie
22-310,lubelskie
22-315,lubelskie
22-330,lubelskie
22-335,lubelskie
22-351,lubelskie
22-360,lubelskie
22-363,lubelskie
22-375,lubelskie
22-376,lubelskie
22-400,lubelskie
22-413,lubelskie
22-417,lubelskie
22-420,lubelskie
22-424,lubelskie
22-425,lubelskie
22-435,lubelskie
22-437,lubelskie
22-440,lubelskie
22-442,lubelskie
22-448,lubelskie
22-455,lubelskie
22-460,lubelskie
22-463,lubelskie
22-470,lubelskie
22-500,lubelskie
22-510,lubelskie
22-523,lubelskie
22-525,lubelskie
22-530,lubelskie
22-540,lubelskie
22-546,lubelskie
22-550,lubelskie
22-554,lubelskie
22-600,lubelskie
22-604,lubelskie
22-610,lubelskie
22-630,lubelskie
22-640,lubelskie
22-650,lubelskie
22-652,lubelskie
22-664,lubelskie
22-670,lubelskie
22-672,lubelskie
22-678,lubelskie
22-680,lubelskie
23-100,lubelskie
23-107,lubelskie
23-110,lubelskie
23-114,lubelskie
23-145,lubelskie
23-155,lubelskie
23-200,lubelskie
23-204,lubelskie
23-206,lubelskie
23-212,lubelskie
23-213,lubelskie
23-225,lubelskie
23-230,lubelskie
23-235,lubelskie
23-250,lubelskie
23-251,lubelskie
23-275,lubelskie
23-300,lubelskie
23-302,lubelskie
23-304,lubelskie
23-305,lubelskie
23-310,lubelskie
23-313,lubelskie
23-320,lubelskie
23-400,lubelskie
23-407,lubelskie
23-408,lubelskie
23-412,lubelskie
23-413,lubelskie
23-414,lubelskie
23-415,lubelskie
23-420,lubelskie
23-423,lubelskie
23-425,lubelskie
23-440,lubelskie
23-450,lubelskie
23-460,lubelskie
23-465,lubelskie
24-100,lubelskie
24-103,lubelskie
24-105,lubelskie
24-120,lubelskie
24-123,lubelskie
24-130,lubelskie
24-150,lubelskie
24-160,lubelskie
24-170,lubelskie
24-173,lubelskie
24-200,lubelskie
24-204,lubelskie
24-220,lubelskie
24-224,lubelskie
24-300,lubelskie
24-310,lubelskie
24-313,lubelskie
24-320,lubelskie
24-335,lubelskie
24-340,lubelskie
24-350,lubelskie
25-001,świętokrzyskie
25-090,świętokrzyskie
26-001,świętokrzyskie
26-004,świętokrzyskie
26-006,świętokrzyskie
26-008,świętokrzyskie
26-010,świętokrzyskie
26-015,świętokrzyskie
26-020,świętokrzyskie
26-021,świętokrzyskie
26-025,świętokrzyskie
26-026,świętokrzyskie
26-035,świętokrzyskie
26-050,świętokrzyskie
26-052,świętokrzyskie
26-060,świętokrzyskie
26-065,świętokrzyskie
26-067,świętokrzyskie
26-070,świętokrzyskie
26-080,świętokrzyskie
26-085,świętokrzyskie
26-110,świętokrzyskie
26-115,świętokrzyskie
26-120,świętokrzyskie
26-130,świętokrzyskie
26-140,świętokrzyskie
26-200,świętokrzyskie
26-212,świętokrzyskie
26-220,świętokrzyskie
26-225,świętokrzyskie
26-230,świętokrzyskie
26-234,świętokrzyskie
26-242,świętokrzyskie
26-260,świętokrzyskie
26-300,łódzkie
26-307,łódzkie
26-315,łódzkie
26-330,łódzkie
26-332,łódzkie
26-333,łódzkie
26-337,łódzkie
26-340,łódzkie
26-341,łódzkie
26-400,mazowieckie
26-411,mazowieckie
26-414,mazowieckie
26-415,mazowieckie
26-420,mazowieckie
26-422,mazowieckie
26-425,mazowieckie
26-432,mazowieckie
26-434,mazowieckie
26-500,mazowieckie
26-502,mazowieckie
26-503,mazowieckie
26-505,mazowieckie
26-510,mazowieckie
26-601,mazowieckie
26-603,mazowieckie
26-604,mazowieckie
26-605,mazowieckie
26-606,mazowieckie
26-609,mazowieckie
26-610,mazowieckie
26-611,mazowieckie
26-612,mazowieckie
26-613,mazowieckie
26-615,mazowieckie
26-616,mazowieckie
26-617,mazowieckie
26-620,mazowieckie
26-624,mazowieckie
26-625,mazowieckie
26-630,mazowieckie
26-631,mazowieckie
26-634,mazowieckie
26-640,mazowieckie
26-650,mazowieckie
26-652,mazowieckie
26-660,mazowieckie
26-670,mazowieckie
26-680,mazowieckie
26-700,mazowieckie
26-704,mazowieckie
26-706,mazowieckie
26-713,mazowieckie
26-720,mazowieckie
26-800,mazowieckie
26-803,mazowieckie
26-804,mazowieckie
26-806,mazowieckie
26-807,mazowieckie
26-811,mazowieckie
26-900,mazowieckie
26-902,mazowieckie
26-903,mazowieckie
26-910,mazowieckie
26-914,mazowieckie
26-920,mazowieckie
26-922,mazowieckie
26-930,mazowieckie
27-100,mazowieckie
27-200,świętokrzyskie
27-215,świętokrzyskie
27-220,świętokrzyskie
27-225,świętokrzyskie
27-230,świętokrzyskie
27-300,mazowieckie
27-310,mazowieckie
27-312,mazowieckie
27-320,mazowieckie
27-350,mazowieckie
27-353,mazowieckie
27-400,świętokrzyskie
27-415,świętokrzyskie
27-420,świętokrzyskie
27-423,świętokrzyskie
27-425,świętokrzyskie
27-440,świętokrzyskie
27-500,świętokrzyskie
27-515,świętokrzyskie
27-530,świętokrzyskie
27-532,świętokrzyskie
27-540,świętokrzyskie
27-545,świętokrzyskie
27-552,świętokrzyskie
27-570,świętokrzyskie
27-580,świętokrzyskie
27-600,świętokrzyskie
27-612,świętokrzyskie
27-620,świętokrzyskie
27-630,świętokrzyskie
27-640,świętokrzyskie
27-641,świętokrzyskie
27-650,świętokrzyskie
27-660,świętokrzyskie
27-670,świętokrzyskie
28-100,świętokrzyskie
28-114,świętokrzyskie
28-130,świętokrzyskie
28-131,świętokrzyskie
28-133,świętokrzyskie
28-136,świętokrzyskie
28-142,świętokrzyskie
28-160,świętokrzyskie
28-200,świętokrzyskie
28-210,świętokrzyskie
28-220,świętokrzyskie
28-221,świętokrzyskie
28-225,świętokrzyskie
28-230,świętokrzyskie
28-232,świętokrzyskie
28-236,świętokrzyskie
28-300,świętokrzyskie
28-305,świętokrzyskie
28-313,świętokrzyskie
28-330,świętokrzyskie
28-340,świętokrzyskie
28-350,świętokrzyskie
28-362,świętokrzyskie
28-363,świętokrzyskie
28-366,świętokrzyskie
28-400,świętokrzyskie
28-404,świętokrzyskie
28-411,świętokrzyskie
28-425,świętokrzyskie
28-440,świętokrzyskie
28-500,świętokrzyskie
28-506,świętokrzyskie
28-512,świętokrzyskie
28-520,świętokrzyskie
28-530,świętokrzyskie
29-100,świętokrzyskie
29-105,świętokrzyskie
29-120,świętokrzyskie
29-130,świętokrzyskie
29-135,świętokrzyskie
29-145,świętokrzyskie
30-001,małopolskie
30-199,małopolskie
32-002,małopolskie
32-003,małopolskie
32-005,małopolskie
32-007,małopolskie
32-010,małopolskie
32-014,małopolskie
32-015,małopolskie
32-020,małopolskie
32-031,małopolskie
32-040,małopolskie
32-043,małopolskie
32-045,małopolskie
32-046,małopolskie
32-047,małopolskie
32-048,małopolskie
32-049,małopolskie
32-050,małopolskie
32-051,małopolskie
32-052,małopolskie
32-053,małopolskie
32-060,małopolskie
32-061,małopolskie
32-064,małopolskie
32-065,małopolskie
32-067,małopolskie
32-070,małopolskie
32-071,małopolskie
32-075,małopolskie
32-077,małopolskie
32-080,małopolskie
32-082,małopolskie
32-083,małopolskie
32-084,małopolskie
32-085,małopolskie
32-086,małopolskie
32-087,małopolskie
32-088,małopolskie
32-089,małopolskie
32-090,małopolskie
32-091,małopolskie
32-095,małopolskie
32-100,małopolskie
32-104,małopolskie
32-107,małopolskie
32-109,małopolskie
32-112,małopolskie
32-120,małopolskie
32-125,małopolskie
32-130,małopolskie
32-200,małopolskie
32-210,małopolskie
32-218,małopolskie
32-222,małopolskie
32-241,małopolskie
32-250,małopolskie
32-300,małopolskie
32-310,małopolskie
32-327,małopolskie
32-329,małopolskie
32-332,małopolskie
32-340,małopolskie
32-353,małopolskie
32-400,małopolskie
32-406,małopolskie
32-410,małopolskie
32-412,małopolskie
32-414,małopolskie
32-415,małopolskie
32-420,małopolskie
32-425,małopolskie
32-431,małopolskie
32-432,małopolskie
32-433,małopolskie
32-434,małopolskie
32-435,małopolskie
32-436,małopolskie
32-437,małopolskie
32-438,małopolskie
32-440,małopolskie
32-442,małopolskie
32-444,małopolskie
32-445,małopolskie
32-447,małopolskie
32-500,małopolskie
32-540,małopolskie
32-543,małopolskie
32-545,małopolskie
32-551,małopolskie
32-552,małopolskie
32-555,małopolskie
32-566,małopolskie
32-590,małopolskie
32-593,małopolskie
32-600,małopolskie
32-607,małopolskie
32-608,małopolskie
32-615,małopolskie
32-620,małopolskie
32-625,małopolskie
32-626,małopolskie
32-640,małopolskie
32-641,małopolskie
32-642,małopolskie
32-650,małopolskie
32-651,małopolskie
32-652,małopolskie
32-660,małopolskie
32-661,małopolskie
32-700,małopolskie
32-708,małopolskie
32-709,małopolskie
32-711,małopolskie
32-712,małopolskie
32-720,małopolskie
32-722,małopolskie
32-724,małopolskie
32-725,małopolskie
32-731,małopolskie
32-732,małopolskie
32-733,małopolskie
32-740,małopolskie
32-741,małopolskie
32-742,małopolskie
32-744,małopolskie
32-765,małopolskie
32-800,małopolskie
32-813,małopolskie
32-820,małopolskie
32-821,małopolskie
32-822,małopolskie
32-823,małopolskie
32-824,małopolskie
32-825,małopolskie
32-828,małopolskie
32-830,małopolskie
32-831,małopolskie
32-840,małopolskie
32-841,małopolskie
32-842,małopolskie
32-851,małopolskie
32-852,małopolskie
32-853,małopolskie
32-854,małopolskie
32-855,małopolskie
32-859,małopolskie
32-860,małopolskie
32-861,małopolskie
32-862,małopolskie
32-863,małopolskie
32-864,małopolskie
32-865,małopolskie
33-100,małopolskie
33-111,małopolskie
33-112,małopolskie
33-113,małopolskie
33-114,małopolskie
33-115,małopolskie
33-121,małopolskie
33-122,małopolskie
33-130,małopolskie
33-131,małopolskie
33-132,małopolskie
33-133,małopolskie
33-140,małopolskie
33-150,małopolskie
33-151,małopolskie
33-152,małopolskie
33-156,małopolskie
33-157,małopolskie
33-158,małopolskie
33-159,małopolskie
33-160,małopolskie
33-161,małopolskie
33-162,małopolskie
33-163,małopolskie
33-164,małopolskie
33-167,małopolskie
33-170,małopolskie
33-171,małopolskie
33-172,małopolskie
33-173,małopolskie
33-180,małopolskie
33-181,małopolskie
33-182,małopolskie
33-190,małopolskie
33-191,małopolskie
33-192,małopolskie
33-200,małopolskie
33-202,małopolskie
33-203,małopolskie
33-204,małopolskie
33-205,małopolskie
33-206,małopolskie
33-207,małopolskie
33-210,małopolskie
33-220,małopolskie
33-221,małopolskie
33-230,małopolskie
33-240,małopolskie
33-250,małopolskie
33-251,małopolskie
33-260,małopolskie
33-262,małopolskie
33-263,małopolskie
33-264,małopolskie
33-270,małopolskie
33-271,małopolskie
33-273,małopolskie
33-300,małopolskie
33-311,małopolskie
33-312,małopolskie
33-314,małopolskie
33-316,małopolskie
33-318,małopolskie
33-322,małopolskie
33-323,małopolskie
33-325,małopolskie
33-326,małopolskie
33-330,małopolskie
33-331,małopolskie
33-332,małopolskie
33-333,małopolskie
33-334,małopolskie
33-335,małopolskie
33-336,małopolskie
33-340,małopolskie
33-342,małopolskie
33-343,małopolskie
33-350,małopolskie
33-351,małopolskie
33-370,małopolskie
33-380,małopolskie
33-383,małopolskie
33-386,małopolskie
33-388,małopolskie
33-389,małopolskie
33-390,małopolskie
33-393,małopolskie
33-394,małopolskie
33-395,małopolskie
34-100,małopolskie
34-103,małopolskie
34-105,małopolskie
34-106,małopolskie
34-108,małopolskie
34-113,małopolskie
34-114,małopolskie
34-115,małopolskie
34-116,małopolskie
34-120,małopolskie
34-122,małopolskie
34-123,małopolskie
34-124,małopolskie
34-125,małopolskie
34-130,małopolskie
34-141,małopolskie
34-142,małopolskie
34-143,małopolskie
34-144,małopolskie
34-145,małopolskie
34-146,małopolskie
34-200,małopolskie
34-205,małopolskie
34-206,małopolskie
34-210,małopolskie
34-211,małopolskie
34-212,małopolskie
34-220,małopolskie
34-221,małopolskie
34-222,małopolskie
34-231,małopolskie
34-232,małopolskie
34-233,małopolskie
34-234,małopolskie
34-235,małopolskie
34-236,małopolskie
34-240,małopolskie
34-242,małopolskie
34-300,śląskie
34-311,śląskie
34-312,śląskie
34-315,śląskie
34-321,śląskie
34-322,śląskie
34-323,śląskie
34-324,śląskie
34-325,śląskie
34-326,śląskie
34-331,śląskie
34-332,śląskie
34-335,śląskie
34-340,śląskie
34-341,śląskie
34-350,śląskie
34-360,śląskie
34-370,śląskie
34-371,śląskie
34-373,śląskie
34-381,śląskie
34-382,śląskie
34-383,śląskie
34-400,małopolskie
34-404,małopolskie
34-405,małopolskie
34-406,małopolskie
34-407,małopolskie
34-408,małopolskie
34-424,małopolskie
34-425,małopolskie
34-431,małopolskie
34-432,małopolskie
34-433,małopolskie
34-434,małopolskie
34-435,małopolskie
34-436,małopolskie
34-440,małopolskie
34-441,małopolskie
34-442,małopolskie
34-443,małopolskie
34-450,małopolskie
34-451,małopolskie
34-452,małopolskie
34-453,małopolskie
34-460,małopolskie
34-470,małopolskie
34-471,małopolskie
34-472,małopolskie
34-480,małopolskie
34-481,małopolskie
34-482,małopolskie
34-483,małopolskie
34-484,małopolskie
34-500,małopolskie
34-511,małopolskie
34-512,małopolskie
34-513,małopolskie
34-514,małopolskie
34-520,małopolskie
34-521,małopolskie
34-530,małopolskie
34-531,małopolskie
34-532,małopolskie
34-600,małopolskie
34-602,małopolskie
34-603,małopolskie
34-604,małopolskie
34-606,małopolskie
34-607,małopolskie
34-608,małopolskie
34-615,małopolskie
34-617,małopolskie
34-620,małopolskie
34-623,małopolskie
34-625,małopolskie
34-642,małopolskie
34-643,małopolskie
34-650,małopolskie
34-652,małopolskie
34-654,małopolskie
34-700,małopolskie
34-713,małopolskie
34-720,małopolskie
34-721,małopolskie
34-722,małopolskie
34-723,małopolskie
34-730,małopolskie
34-733,małopolskie
34-734,małopolskie
34-735,małopolskie
34-736,małopolskie
34-741,małopolskie
34-745,małopolskie
35-001,podkarpackie
35-106,podkarpackie
36-001,podkarpackie
36-002,podkarpackie
36-003,podkarpackie
36-004,podkarpackie
36-007,podkarpackie
36-016,podkarpackie
36-017,podkarpackie
36-020,podkarpackie
36-024,podkarpackie
36-025,podkarpackie
36-030,podkarpackie
36-040,podkarpackie
36-041,podkarpackie
36-042,podkarpackie
36-043,podkarpackie
36-046,podkarpackie
36-047,podkarpackie
36-050,podkarpackie
36-051,podkarpackie
36-052,podkarpackie
36-053,podkarpackie
36-054,podkarpackie
36-055,podkarpackie
36-060,podkarpackie
36-061,podkarpackie
36-062,podkarpackie
36-065,podkarpackie
36-067,podkarpackie
36-068,podkarpackie
36-069,podkarpackie
36-071,podkarpackie
36-072,podkarpackie
36-073,podkarpackie
36-100,podkarpackie
36-105,podkarpackie
36-106,podkarpackie
36-107,podkarpackie
36-110,podkarpackie
36-121,podkarpackie
36-122,podkarpackie
36-123,podkarpackie
36-125,podkarpackie
36-130,podkarpackie
36-145,podkarpackie
36-147,podkarpackie
36-200,podkarpackie
36-203,podkarpackie
36-204,podkarpackie
36-206,podkarpackie
36-207,podkarpackie
36-211,podkarpackie
36-212,podkarpackie
36-213,podkarpackie
36-220,podkarpackie
36-221,podkarpackie
36-230,podkarpackie
36-231,podkarpackie
36-233,podkarpackie
36-245,podkarpackie
37-100,podkarpackie
37-110,podkarpackie
37-111,podkarpackie
37-112,podkarpackie
37-114,podkarpackie
37-120,podkarpackie
37-121,podkarpackie
37-122,podkarpackie
37-123,podkarpackie
37-124,podkarpackie
37-125,podkarpackie
37-126,podkarpackie
37-200,podkarpackie
37-203,podkarpackie
37-204,podkarpackie
37-205,podkarpackie
37-206,podkarpackie
37-207,podkarpackie
37-220,podkarpackie
37-222,podkarpackie
37-223,podkarpackie
37-224,podkarpackie
37-225,podkarpackie
37-230,podkarpackie
37-231,podkarpackie
37-232,podkarpackie
37-300,podkarpackie
37-303,podkarpackie
37-304,podkarpackie
37-305,podkarpackie
37-306,podkarpackie
37-307,podkarpackie
37-310,podkarpackie
37-311,podkarpackie
37-312,podkarpackie
37-400,podkarpackie
37-403,podkarpackie
37-405,podkarpackie
37-410,podkarpackie
37-413,podkarpackie
37-414,podkarpackie
37-415,podkarpackie
37-416,podkarpackie
37-418,podkarpackie
37-420,podkarpackie
37-430,podkarpackie
37-433,podkarpackie
37-450,podkarpackie
37-455,podkarpackie
37-470,podkarpackie
37-500,podkarpackie
37-511,podkarpackie
37-512,podkarpackie
37-514,podkarpackie
37-522,podkarpackie
37-523,podkarpackie
37-530,podkarpackie
37-534,podkarpackie
37-535,podkarpackie
37-536,podkarpackie
37-541,podkarpackie
37-542,podkarpackie
37-543,podkarpackie
37-544,podkarpackie
37-545,podkarpackie
37-550,podkarpackie
37-551,podkarpackie
37-552,podkarpackie
37-554,podkarpackie
37-555,podkarpackie
37-560,podkarpackie
37-561,podkarpackie
37-562,podkarpackie
37-564,podkarpackie
37-565,podkarpackie
37-600,podkarpackie
37-610,podkarpackie
37-611,podkarpackie
37-612,podkarpackie
37-613,podkarpackie
37-614,podkarpackie
37-620,podkarpackie
37-621,podkarpackie
37-622,podkarpackie
37-625,podkarpackie
37-626,podkarpackie
37-627,podkarpackie
37-630,podkarpackie
37-631,podkarpackie
37-632,podkarpackie
37-700,podkarpackie
37-705,podkarpackie
37-710,podkarpackie
37-712,podkarpackie
37-713,podkarpackie
37-714,podkarpackie
37-716,podkarpackie
37-717,podkarpackie
37-722,podkarpackie
37-723,podkarpackie
37-724,podkarpackie
37-731,podkarpackie
37-732,podkarpackie
37-733,podkarpackie
37-734,podkarpackie
37-740,podkarpackie
37-741,podkarpackie
37-742,podkarpackie
37-743,podkarpackie
37-744,podkarpackie
37-750,podkarpackie
37-751,podkarpackie
37-752,podkarpackie
37-753,podkarpackie
37-754,podkarpackie
37-755,podkarpackie
38-100,podkarpackie
38-102,podkarpackie
38-103,podkarpackie
38-111,podkarpackie
38-112,podkarpackie
38-114,podkarpackie
38-115,podkarpackie
38-116,podkarpackie
38-120,podkarpackie
38-121,podkarpackie
38-122,podkarpackie
38-123,podkarpackie
38-124,podkarpackie
38-125,podkarpackie
38-126,podkarpackie
38-130,podkarpackie
38-131,podkarpackie
38-200,podkarpackie
38-203,podkarpackie
38-204,podkarpackie
38-207,podkarpackie
38-211,podkarpackie
38-212,podkarpackie
38-213,podkarpackie
38-214,podkarpackie
38-220,podkarpackie
38-222,podkarpackie
38-223,podkarpackie
38-230,podkarpackie
38-232,podkarpackie
38-241,podkarpackie
38-242,podkarpackie
38-243,podkarpackie
38-245,małopolskie
38-246,małopolskie
38-247,małopolskie
38-300,małopolskie
38-303,małopolskie
38-304,małopolskie
38-305,małopolskie
38-306,małopolskie
38-307,małopolskie
38-311,małopolskie
38-312,małopolskie
38-315,małopolskie
38-316,małopolskie
38-321,małopolskie
38-322,małopolskie
38-323,małopolskie
38-324,małopolskie
38-331,małopolskie
38-333,małopolskie
38-340,małopolskie
38-350,małopolskie
38-400,podkarpackie
38-406,podkarpackie
38-420,podkarpackie
38-422,podkarpackie
38-423,podkarpackie
38-430,podkarpackie
38-440,podkarpackie
38-441,podkarpackie
38-450,podkarpackie
38-451,podkarpackie
38-454,podkarpackie
38-455,podkarpackie
38-456,podkarpackie
38-457,podkarpackie
38-458,podkarpackie
38-459,podkarpackie
38-460,podkarpackie
38-462,podkarpackie
38-471,podkarpackie
38-473,podkarpackie
38-480,podkarpackie
38-481,podkarpackie
38-483,podkarpackie
38-485,podkarpackie
38-500,podkarpackie
38-503,podkarpackie
38-504,podkarpackie
38-505,podkarpackie
38-506,podkarpackie
38-507,podkarpackie
38-516,podkarpackie
38-524,podkarpackie
38-530,podkarpackie
38-532,podkarpackie
38-533,podkarpackie
38-534,podkarpackie
38-535,podkarpackie
38-540,podkarpackie
38-542,podkarpackie
38-543,podkarpackie
38-600,podkarpackie
38-604,podkarpackie
38-606,podkarpackie
38-607,podkarpackie
38-608,podkarpackie
38-610,podkarpackie
38-623,podkarpackie
38-700,podkarpackie
38-709,podkarpackie
38-710,podkarpackie
38-711,podkarpackie
38-712,podkarpackie
38-713,podkarpackie
38-714,podkarpackie
38-722,podkarpackie
39-100,podkarpackie
39-102,podkarpackie
39-103,podkarpackie
39-104,podkarpackie
39-105,podkarpackie
39-106,podkarpackie
39-107,podkarpackie
39-110,podkarpackie
39-111,podkarpackie
39-120,podkarpackie
39-122,podkarpackie
39-123,podkarpackie
39-124,podkarpackie
39-126,podkarpackie
39-127,podkarpackie
39-200,podkarpackie
39-203,podkarpackie
39-204,podkarpackie
39-205,podkarpackie
39-206,podkarpackie
39-207,podkarpackie
39-208,podkarpackie
39-209,podkarpackie
39-215,podkarpackie
39-216,podkarpackie
39-217,podkarpackie
39-218,podkarpackie
39-220,podkarpackie
39-221,podkarpackie
39-222,podkarpackie
39-223,podkarpackie
39-224,podkarpackie
39-225,podkarpackie
39-230,podkarpackie
39-231,podkarpackie
39-232,podkarpackie
39-300,podkarpackie
39-304,podkarpackie
39-305,podkarpackie
39-306,podkarpackie
39-307,podkarpackie
39-308,podkarpackie
39-310,podkarpackie
39-311,podkarpackie
39-312,podkarpackie
39-315,podkarpackie
39-320,podkarpackie
39-321,podkarpackie
39-322,podkarpackie
39-331,podkarpackie
39-332,podkarpackie
39-333,podkarpackie
39-340,podkarpackie
39-400,podkarpackie
39-410,podkarpackie
39-432,podkarpackie
39-433,podkarpackie
39-434,podkarpackie
39-441,podkarpackie
39-442,podkarpackie
39-450,podkarpackie
39-451,podkarpackie
39-460,podkarpackie
40-001,śląskie
41-100,śląskie
41-103,śląskie
41-106,śląskie
41-200,śląskie
41-203,śląskie
41-205,śląskie
41-208,śląskie
41-209,śląskie
41-214,śląskie
41-215,śląskie
41-216,śląskie
41-217,śląskie
41-218,śląskie
41-219,śląskie
41-250,śląskie
41-260,śląskie
41-300,śląskie
41-303,śląskie
41-400,śląskie
41-403,śląskie
41-404,śląskie
41-406,śląskie
41-407,śląskie
41-408,śląskie
41-409,śląskie
41-412,śląskie
41-500,śląskie
41-503,śląskie
41-506,śląskie
41-516,śląskie
41-600,śląskie
41-605,śląskie
41-608,śląskie
41-700,śląskie
41-706,śląskie
41-707,śląskie
41-709,śląskie
41-710,śląskie
41-711,śląskie
41-712,śląskie
41-717,śląskie
41-800,śląskie
41-803,śląskie
41-806,śląskie
41-807,śląskie
41-808,śląskie
41-809,śląskie
41-810,śląskie
41-811,śląskie
41-813,śląskie
41-814,śląskie
41-818,śląskie
41-819,śląskie
41-902,śląskie
41-905,śląskie
41-906,śląskie
41-907,śląskie
41-909,śląskie
41-910,śląskie
41-914,śląskie
41-922,śląskie
41-923,śląskie
41-933,śląskie
41-935,śląskie
41-936,śląskie
41-940,śląskie
41-943,śląskie
41-945,śląskie
41-946,śląskie
41-948,śląskie
41-949,śląskie
42-100,śląskie
42-110,śląskie
42-120,śląskie
42-122,śląskie
42-125,śląskie
42-130,śląskie
42-133,śląskie
42-134,śląskie
42-140,śląskie
42-141,śląskie
42-142,śląskie
42-151,śląskie
42-152,śląskie
42-160,śląskie
42-161,śląskie
42-164,śląskie
42-165,śląskie
42-207,śląskie
42-208,śląskie
42-209,śląskie
42-215,śląskie
42-216,śląskie
42-217,śląskie
42-218,śląskie
42-221,śląskie
42-224,śląskie
42-226,śląskie
42-229,śląskie
42-230,śląskie
42-231,śląskie
42-233,śląskie
42-235,śląskie
42-240,śląskie
42-242,śląskie
42-244,śląskie
42-248,śląskie
42-250,śląskie
42-253,śląskie
42-256,śląskie
42-260,śląskie
42-261,śląskie
42-262,śląskie
42-263,śląskie
42-265,śląskie
42-270,śląskie
42-271,śląskie
42-274,śląskie
42-280,śląskie
42-282,śląskie
42-283,śląskie
42-284,śląskie
42-286,śląskie
42-287,śląskie
42-288,śląskie
42-289,śląskie
42-290,śląskie
42-300,śląskie
42-310,śląskie
42-311,śląskie
42-320,śląskie
42-350,śląskie
42-360,śląskie
42-400,śląskie
42-421,śląskie
42-425,śląskie
42-427,śląskie
42-436,śląskie
42-439,śląskie
42-440,śląskie
42-445,śląskie
42-446,śląskie
42-450,śląskie
42-454,śląskie
42-456,śląskie
42-457,śląskie
42-458,śląskie
42-460,śląskie
42-470,śląskie
42-480,śląskie
42-500,śląskie
42-504,śląskie
42-510,śląskie
42-512,śląskie
42-520,śląskie
42-523,śląskie
42-530,śląskie
42-575,śląskie
42-580,śląskie
42-582,śląskie
42-583,śląskie
42-584,śląskie
42-595,śląskie
42-600,śląskie
42-603,śląskie
42-605,śląskie
42-606,śląskie
42-609,śląskie
42-610,śląskie
42-612,śląskie
42-620,śląskie
42-622,śląskie
42-624,śląskie
42-625,śląskie
42-660,śląskie
42-672,śląskie
42-674,śląskie
42-675,śląskie
42-676,śląskie
42-677,śląskie
42-680,śląskie
42-690,śląskie
42-693,śląskie
42-700,śląskie
42-713,śląskie
42-714,śląskie
42-772,śląskie
42-793,śląskie
43-100,śląskie
43-109,śląskie
43-110,śląskie
43-140,śląskie
43-143,śląskie
43-150,śląskie
43-155,śląskie
43-175,śląskie
43-176,śląskie
43-178,śląskie
43-180,śląskie
43-186,śląskie
43-187,śląskie
43-188,śląskie
43-190,śląskie
43-195,śląskie
43-200,śląskie
43-210,śląskie
43-211,śląskie
43-215,śląskie
43-220,śląskie
43-225,śląskie
43-227,śląskie
43-229,śląskie
43-230,śląskie
43-241,śląskie
43-243,śląskie
43-245,śląskie
43-246,śląskie
43-251,śląskie
43-252,śląskie
43-253,śląskie
43-254,śląskie
43-262,śląskie
43-265,śląskie
43-267,śląskie
43-300,śląskie
43-303,śląskie
43-308,śląskie
43-309,śląskie
43-310,śląskie
43-316,śląskie
43-318,śląskie
43-330,śląskie
43-331,śląskie
43-332,śląskie
43-340,śląskie
43-344,śląskie
43-346,śląskie
43-353,śląskie
43-354,śląskie
43-356,śląskie
43-360,śląskie
43-365,śląskie
43-370,śląskie
43-374,śląskie
43-376,śląskie
43-378,śląskie
43-380,śląskie
43-382,śląskie
43-384,śląskie
43-385,śląskie
43-386,śląskie
43-391,śląskie
43-392,śląskie
43-394,śląskie
43-400,śląskie
43-410,śląskie
43-416,śląskie
43-417,śląskie
43-418,śląskie
43-419,śląskie
43-424,śląskie
43-426,śląskie
43-430,śląskie
43-436,śląskie
43-438,śląskie
43-440,śląskie
43-445,śląskie
43-450,śląskie
43-460,śląskie
43-470,śląskie
43-474,śląskie
43-476,śląskie
43-502,śląskie
43-512,śląskie
43-514,śląskie
43-516,śląskie
43-518,śląskie
43-520,śląskie
43-523,śląskie
43-600,śląskie
43-602,śląskie
43-603,śląskie
43-607,śląskie
43-608,śląskie
44-100,śląskie
44-102,śląskie
44-103,śląskie
44-105,śląskie
44-109,śląskie
44-113,śląskie
44-114,śląskie
44-117,śląskie
44-119,śląskie
44-120,śląskie
44-121,śląskie
44-122,śląskie
44-141,śląskie
44-144,śląskie
44-145,śląskie
44-151,śląskie
44-152,śląskie
44-153,śląskie
44-156,śląskie
44-160,śląskie
44-164,śląskie
44-171,śląskie
44-172,śląskie
44-177,śląskie
44-178,śląskie
44-180,śląskie
44-186,śląskie
44-187,śląskie
44-189,śląskie
44-190,śląskie
44-193,śląskie
44-194,śląskie
44-196,śląskie
44-200,śląskie
44-203,śląskie
44-206,śląskie
44-207,śląskie
44-210,śląskie
44-213,śląskie
44-217,śląskie
44-218,śląskie
44-237,śląskie
44-238,śląskie
44-240,śląskie
44-241,śląskie
44-244,śląskie
44-245,śląskie
44-246,śląskie
44-247,śląskie
44-251,śląskie
44-253,śląskie
44-264,śląskie
44-266,śląskie
44-268,śląskie
44-270,śląskie
44-273,śląskie
44-274,śląskie
44-280,śląskie
44-282,śląskie
44-284,śląskie
44-285,śląskie
44-286,śląskie
44-290,śląskie
44-292,śląskie
44-293,śląskie
44-295,śląskie
44-300,śląskie
44-307,śląskie
44-310,śląskie
44-313,śląskie
44-321,śląskie
44-323,śląskie
44-325,śląskie
44-330,śląskie
44-335,śląskie
44-336,śląskie
44-337,śląskie
44-338,śląskie
44-340,śląskie
44-341,śląskie
44-348,śląskie
44-350,śląskie
44-351,śląskie
44-352,śląskie
44-353,śląskie
44-360,śląskie
44-361,śląskie
44-362,śląskie
44-370,śląskie
44-373,śląskie
45-001,opolskie
46-020,opolskie
46-021,opolskie
46-022,opolskie
46-023,opolskie
46-024,opolskie
46-030,opolskie
46-034,opolskie
46-037,opolskie
46-040,opolskie
46-042,opolskie
46-043,opolskie
46-045,opolskie
46-046,opolskie
46-048,opolskie
46-050,opolskie
46-053,opolskie
46-060,opolskie
46-061,opolskie
46-070,opolskie
46-073,opolskie
46-080,opolskie
46-081,opolskie
46-082,opolskie
46-083,opolskie
46-090,opolskie
46-100,opolskie
46-112,opolskie
46-113,opolskie
46-115,opolskie
46-134,opolskie
46-142,opolskie
46-146,opolskie
46-166,opolskie
46-200,opolskie
46-211,opolskie
46-220,opolskie
46-233,opolskie
46-243,opolskie
46-250,opolskie
46-255,opolskie
46-262,opolskie
46-264,opolskie
46-275,opolskie
46-280,opolskie
46-282,opolskie
46-300,opolskie
46-310,opolskie
46-312,opolskie
46-320,opolskie
46-324,opolskie
46-325,opolskie
46-331,opolskie
46-333,opolskie
46-375,opolskie
46-380,opolskie
47-100,opolskie
47-113,opolskie
47-120,opolskie
47-126,opolskie
47-133,opolskie
47-134,opolskie
47-143,opolskie
47-150,opolskie
47-154,opolskie
47-161,opolskie
47-171,opolskie
47-175,opolskie
47-180,opolskie
47-200,opolskie
47-205,opolskie
47-206,opolskie
47-208,opolskie
47-214,opolskie
47-220,opolskie
47-223,opolskie
47-224,opolskie
47-225,opolskie
47-230,opolskie
47-232,opolskie
47-240,opolskie
47-244,opolskie
47-246,opolskie
47-253,opolskie
47-260,opolskie
47-263,opolskie
47-270,opolskie
47-280,opolskie
47-300,opolskie
47-316,opolskie
47-320,opolskie
47-325,opolskie
47-330,opolskie
47-341,opolskie
47-344,opolskie
47-351,opolskie
47-364,opolskie
47-370,opolskie
47-400,śląskie
47-411,śląskie
47-415,śląskie
47-417,śląskie
47-420,śląskie
47-430,śląskie
47-435,śląskie
47-440,śląskie
47-442,śląskie
47-450,śląskie
47-451,śląskie
47-460,śląskie
47-470,śląskie
47-475,śląskie
47-480,śląskie
47-491,śląskie
47-494,śląskie
48-100,opolskie
48-118,opolskie
48-120,opolskie
48-130,opolskie
48-133,opolskie
48-140,opolskie
48-145,opolskie
48-155,opolskie
48-200,opolskie
48-210,opolskie
48-220,opolskie
48-231,opolskie
48-250,opolskie
48-267,opolskie
48-300,opolskie
48-303,opolskie
48-314,opolskie
48-315,opolskie
48-316,opolskie
48-317,opolskie
48-320,opolskie
48-321,opolskie
48-325,opolskie
48-330,opolskie
48-340,opolskie
48-355,opolskie
48-364,opolskie
48-370,opolskie
48-385,opolskie
48-387,opolskie
48-388,opolskie
49-100,opolskie
49-120,opolskie
49-125,opolskie
49-130,opolskie
49-156,opolskie
49-200,opolskie
49-300,opolskie
49-304,opolskie
49-305,opolskie
49-306,opolskie
49-312,opolskie
49-313,opolskie
49-314,opolskie
49-315,opolskie
49-318,opolskie
49-330,opolskie
49-332,opolskie
49-340,opolskie
49-345,opolskie
49-351,opolskie
49-353,opolskie
50-001,dolnośląskie
50-458,dolnośląskie
51-217,dolnośląskie
51-361,dolnośląskie
52-116,dolnośląskie
52-200,dolnośląskie
55-002,dolnośląskie
55-003,dolnośląskie
55-010,dolnośląskie
55-011,dolnośląskie
55-020,dolnośląskie
55-040,dolnośląskie
55-050,dolnośląskie
55-065,dolnośląskie
55-080,dolnośląskie
55-081,dolnośląskie
55-093,dolnośląskie
55-095,dolnośląskie
55-100,dolnośląskie
55-106,dolnośląskie
55-110,dolnośląskie
55-114,dolnośląskie
55-120,dolnośląskie
55-140,dolnośląskie
55-200,dolnośląskie
55-216,dolnośląskie
55-220,dolnośląskie
55-300,dolnośląskie
55-311,dolnośląskie
55-320,dolnośląskie
55-330,dolnośląskie
55-340,dolnośląskie
56-100,dolnośląskie
56-120,dolnośląskie
56-160,dolnośląskie
56-200,dolnośląskie
56-209,dolnośląskie
56-210,dolnośląskie
56-215,dolnośląskie
56-300,dolnośląskie
56-320,dolnośląskie
56-321,dolnośląskie
56-330,dolnośląskie
56-400,dolnośląskie
56-410,dolnośląskie
56-416,dolnośląskie
56-420,dolnośląskie
56-500,dolnośląskie
56-504,dolnośląskie
56-513,dolnośląskie
57-100,dolnośląskie
57-120,dolnośląskie
57-130,dolnośląskie
57-150,dolnośląskie
57-160,dolnośląskie
57-200,dolnośląskie
57-206,dolnośląskie
57-208,dolnośląskie
57-210,dolnośląskie
57-211,dolnośląskie
57-212,dolnośląskie
57-213,dolnośląskie
57-214,dolnośląskie
57-215,dolnośląskie
57-220,dolnośląskie
57-221,dolnośląskie
57-222,dolnośląskie
57-223,dolnośląskie
57-224,dolnośląskie
57-230,dolnośląskie
57-240,dolnośląskie
57-241,dolnośląskie
57-242,dolnośląskie
57-250,dolnośląskie
57-251,dolnośląskie
57-255,dolnośląskie
57-256,dolnośląskie
57-257,dolnośląskie
57-300,dolnośląskie
57-312,dolnośląskie
57-313,dolnośląskie
57-314,dolnośląskie
57-315,dolnośląskie
57-320,dolnośląskie
57-322,dolnośląskie
57-330,dolnośląskie
57-340,dolnośląskie
57-343,dolnośląskie
57-350,dolnośląskie
57-360,dolnośląskie
57-361,dolnośląskie
57-362,dolnośląskie
57-400,dolnośląskie
57-401,dolnośląskie
57-402,dolnośląskie
57-408,dolnośląskie
57-409,dolnośląskie
57-410,dolnośląskie
57-411,dolnośląskie
57-420,dolnośląskie
57-430,dolnośląskie
57-431,dolnośląskie
57-432,dolnośląskie
57-441,dolnośląskie
57-442,dolnośląskie
57-450,dolnośląskie
57-451,dolnośląskie
57-500,dolnośląskie
57-511,dolnośląskie
57-512,dolnośląskie
57-513,dolnośląskie
57-514,dolnośląskie
57-515,dolnośląskie
57-516,dolnośląskie
57-517,dolnośląskie
57-520,dolnośląskie
57-521,dolnośląskie
57-522,dolnośląskie
57-530,dolnośląskie
57-540,dolnośląskie
57-541,dolnośląskie
57-550,dolnośląskie
58-100,dolnośląskie
58-105,dolnośląskie
58-111,dolnośląskie
58-112,dolnośląskie
58-113,dolnośląskie
58-114,dolnośląskie
58-115,dolnośląskie
58-116,dolnośląskie
58-120,dolnośląskie
58-121,dolnośląskie
58-123,dolnośląskie
58-124,dolnośląskie
58-125,dolnośląskie
58-130,dolnośląskie
58-140,dolnośląskie
58-141,dolnośląskie
58-150,dolnośląskie
58-152,dolnośląskie
58-160,dolnośląskie
58-170,dolnośląskie
58-172,dolnośląskie
58-173,dolnośląskie
58-200,dolnośląskie
58-207,dolnośląskie
58-210,dolnośląskie
58-211,dolnośląskie
58-212,dolnośląskie
58-214,dolnośląskie
58-217,dolnośląskie
58-230,dolnośląskie
58-231,dolnośląskie
58-240,dolnośląskie
58-241,dolnośląskie
58-250,dolnośląskie
58-260,dolnośląskie
58-262,dolnośląskie
58-300,dolnośląskie
58-301,dolnośląskie
58-302,dolnośląskie
58-303,dolnośląskie
58-304,dolnośląskie
58-305,dolnośląskie
58-306,dolnośląskie
58-307,dolnośląskie
58-308,dolnośląskie
58-309,dolnośląskie
58-310,dolnośląskie
58-311,dolnośląskie
58-312,dolnośląskie
58-316,dolnośląskie
58-320,dolnośląskie
58-321,dolnośląskie
58-330,dolnośląskie
58-340,dolnośląskie
58-350,dolnośląskie
58-351,dolnośląskie
58-352,dolnośląskie
58-370,dolnośląskie
58-371,dolnośląskie
58-372,dolnośląskie
58-373,dolnośląskie
58-379,dolnośląskie
58-400,dolnośląskie
58-405,dolnośląskie
58-407,dolnośląskie
58-410,dolnośląskie
58-411,dolnośląskie
58-420,dolnośląskie
58-422,dolnośląskie
58-424,dolnośląskie
58-425,dolnośląskie
58-500,dolnośląskie
58-506,dolnośląskie
58-512,dolnośląskie
58-513,dolnośląskie
58-520,dolnośląskie
58-521,dolnośląskie
58-522,dolnośląskie
58-530,dolnośląskie
58-531,dolnośląskie
58-532,dolnośląskie
58-533,dolnośląskie
58-534,dolnośląskie
58-535,dolnośląskie
58-540,dolnośląskie
58-560,dolnośląskie
58-562,dolnośląskie
58-563,dolnośląskie
58-564,dolnośląskie
58-570,dolnośląskie
58-580,dolnośląskie
59-100,dolnośląskie
59-101,dolnośląskie
59-140,dolnośląskie
59-145,dolnośląskie
59-147,dolnośląskie
59-150,dolnośląskie
59-160,dolnośląskie
59-170,dolnośląskie
59-180,dolnośląskie
59-216,dolnośląskie
59-220,dolnośląskie
59-222,dolnośląskie
59-223,dolnośląskie
59-225,dolnośląskie
59-226,dolnośląskie
59-227,dolnośląskie
59-230,dolnośląskie
59-241,dolnośląskie
59-243,dolnośląskie
59-300,dolnośląskie
59-305,dolnośląskie
59-307,dolnośląskie
59-311,dolnośląskie
59-323,dolnośląskie
59-330,dolnośląskie
59-335,dolnośląskie
59-340,dolnośląskie
59-400,dolnośląskie
59-406,dolnośląskie
59-407,dolnośląskie
59-411,dolnośląskie
59-420,dolnośląskie
59-421,dolnośląskie
59-424,dolnośląskie
59-430,dolnośląskie
59-431,dolnośląskie
59-500,dolnośląskie
59-511,dolnośląskie
59-512,dolnośląskie
59-513,dolnośląskie
59-516,dolnośląskie
59-517,dolnośląskie
59-524,dolnośląskie
59-525,dolnośląskie
59-540,dolnośląskie
59-550,dolnośląskie
59-600,dolnośląskie
59-610,dolnośląskie
59-620,dolnośląskie
59-623,dolnośląskie
59-630,dolnośląskie
59-700,dolnośląskie
59-706,dolnośląskie
59-707,dolnośląskie
59-708,dolnośląskie
59-720,dolnośląskie
59-723,dolnośląskie
59-724,dolnośląskie
59-725,dolnośląskie
59-726,dolnośląskie
59-730,dolnośląskie
59-800,dolnośląskie
59-811,dolnośląskie
59-814,dolnośląskie
59-816,dolnośląskie
59-818,dolnośląskie
59-820,dolnośląskie
59-830,dolnośląskie
59-850,dolnośląskie
59-900,dolnośląskie
59-914,dolnośląskie
59-915,dolnośląskie
59-916,dolnośląskie
59-920,dolnośląskie
59-921,dolnośląskie
59-930,dolnośląskie
59-940,dolnośląskie
59-941,dolnośląskie
59-942,dolnośląskie
59-950,dolnośląskie
59-970,dolnośląskie
59-975,dolnośląskie
60-001,wielkopolskie
61-160,wielkopolskie
62-001,wielkopolskie
62-002,wielkopolskie
62-003,wielkopolskie
62-004,wielkopolskie
62-005,wielkopolskie
62-006,wielkopolskie
62-007,wielkopolskie
62-010,wielkopolskie
62-020,wielkopolskie
62-021,wielkopolskie
62-022,wielkopolskie
62-023,wielkopolskie
62-024,wielkopolskie
62-025,wielkopolskie
62-028,wielkopolskie
62-030,wielkopolskie
62-040,wielkopolskie
62-045,wielkopolskie
62-050,wielkopolskie
62-051,wielkopolskie
62-052,wielkopolskie
62-053,wielkopolskie
62-060,wielkopolskie
62-061,wielkopolskie
62-062,wielkopolskie
62-063,wielkopolskie
62-064,wielkopolskie
62-065,wielkopolskie
62-066,wielkopolskie
62-068,wielkopolskie
62-069,wielkopolskie
62-070,wielkopolskie
62-071,wielkopolskie
62-072,wielkopolskie
62-073,wielkopolskie
62-080,wielkopolskie
62-081,wielkopolskie
62-085,wielkopolskie
62-090,wielkopolskie
62-093,wielkopolskie
62-095,wielkopolskie
62-097,wielkopolskie
62-100,wielkopolskie
62-104,wielkopolskie
62-105,wielkopolskie
62-106,wielkopolskie
62-107,wielkopolskie
62-110,wielkopolskie
62-112,wielkopolskie
62-113,wielkopolskie
62-120,wielkopolskie
62-121,wielkopolskie
62-130,wielkopolskie
62-131,wielkopolskie
62-132,wielkopolskie
62-200,wielkopolskie
62-211,wielkopolskie
62-212,wielkopolskie
62-213,wielkopolskie
62-214,wielkopolskie
62-215,wielkopolskie
62-220,wielkopolskie
62-230,wielkopolskie
62-235,wielkopolskie
62-237,wielkopolskie
62-238,wielkopolskie
62-240,wielkopolskie
62-241,wielkopolskie
62-242,wielkopolskie
62-250,wielkopolskie
62-260,wielkopolskie
62-261,wielkopolskie
62-262,wielkopolskie
62-265,wielkopolskie
62-270,wielkopolskie
62-271,wielkopolskie
62-272,wielkopolskie
62-280,wielkopolskie
62-285,wielkopolskie
62-290,wielkopolskie
62-291,wielkopolskie
62-292,wielkopolskie
62-300,wielkopolskie
62-301,wielkopolskie
62-302,wielkopolskie
62-303,wielkopolskie
62-304,wielkopolskie
62-305,wielkopolskie
62-306,wielkopolskie
62-307,wielkopolskie
62-308,wielkopolskie
62-309,wielkopolskie
62-310,wielkopolskie
62-311,wielkopolskie
62-312,wielkopolskie
62-320,wielkopolskie
62-321,wielkopolskie
62-322,wielkopolskie
62-323,wielkopolskie
62-330,wielkopolskie
62-400,wielkopolskie
62-402,wielkopolskie
62-404,wielkopolskie
62-405,wielkopolskie
62-406,wielkopolskie
62-410,wielkopolskie
62-420,wielkopolskie
62-430,wielkopolskie
62-436,wielkopolskie
62-500,wielkopolskie
62-504,wielkopolskie
62-506,wielkopolskie
62-510,wielkopolskie
62-511,wielkopolskie
62-513,wielkopolskie
62-530,wielkopolskie
62-540,wielkopolskie
62-541,wielkopolskie
62-543,wielkopolskie
62-550,wielkopolskie
62-560,wielkopolskie
62-561,wielkopolskie
62-563,wielkopolskie
62-570,wielkopolskie
62-571,wielkopolskie
62-573,wielkopolskie
62-574,wielkopolskie
62-580,wielkopolskie
62-585,wielkopolskie
62-586,wielkopolskie
62-590,wielkopolskie
62-600,wielkopolskie
62-604,wielkopolskie
62-610,wielkopolskie
62-613,wielkopolskie
62-618,wielkopolskie
62-619,wielkopolskie
62-620,wielkopolskie
62-621,wielkopolskie
62-635,wielkopolskie
62-640,wielkopolskie
62-641,wielkopolskie
62-650,wielkopolskie
62-652,wielkopolskie
62-660,wielkopolskie
62-700,wielkopolskie
62-704,wielkopolskie
62-709,wielkopolskie
62-710,wielkopolskie
62-720,wielkopolskie
62-730,wielkopolskie
62-731,wielkopolskie
62-740,wielkopolskie
62-800,wielkopolskie
62-811,wielkopolskie
62-812,wielkopolskie
62-814,wielkopolskie
62-817,wielkopolskie
62-820,wielkopolskie
62-830,wielkopolskie
62-831,wielkopolskie
62-834,wielkopolskie
62-840,wielkopolskie
62-850,wielkopolskie
62-860,wielkopolskie
62-862,wielkopolskie
62-865,wielkopolskie
62-872,wielkopolskie
62-874,wielkopolskie
63-000,wielkopolskie
63-004,wielkopolskie
63-005,wielkopolskie
63-006,wielkopolskie
63-011,wielkopolskie
63-012,wielkopolskie
63-013,wielkopolskie
63-014,wielkopolskie
63-020,wielkopolskie
63-021,wielkopolskie
63-022,wielkopolskie
63-023,wielkopolskie
63-024,wielkopolskie
63-025,wielkopolskie
63-035,wielkopolskie
63-040,wielkopolskie
63-041,wielkopolskie
63-100,wielkopolskie
63-112,wielkopolskie
63-130,wielkopolskie
63-140,wielkopolskie
63-200,wielkopolskie
63-210,wielkopolskie
63-220,wielkopolskie
63-230,wielkopolskie
63-233,wielkopolskie
63-300,wielkopolskie
63-304,wielkopolskie
63-308,wielkopolskie
63-313,wielkopolskie
63-322,wielkopolskie
63-330,wielkopolskie
63-400,wielkopolskie
63-405,wielkopolskie
63-410,wielkopolskie
63-421,wielkopolskie
63-430,wielkopolskie
63-435,wielkopolskie
63-437,wielkopolskie
63-440,wielkopolskie
63-450,wielkopolskie
63-460,wielkopolskie
63-500,wielkopolskie
63-505,wielkopolskie
63-507,wielkopolskie
63-508,wielkopolskie
63-510,wielkopolskie
63-520,wielkopolskie
63-522,wielkopolskie
63-524,wielkopolskie
63-600,wielkopolskie
63-604,wielkopolskie
63-611,wielkopolskie
63-620,wielkopolskie
63-630,wielkopolskie
63-640,wielkopolskie
63-642,wielkopolskie
63-645,wielkopolskie
63-648,wielkopolskie
63-700,wielkopolskie
63-703,wielkopolskie
63-704,wielkopolskie
63-707,wielkopolskie
63-708,wielkopolskie
63-714,wielkopolskie
63-716,wielkopolskie
63-720,wielkopolskie
63-721,wielkopolskie
63-740,wielkopolskie
63-745,wielkopolskie
63-750,wielkopolskie
63-760,wielkopolskie
63-800,wielkopolskie
63-805,wielkopolskie
63-810,wielkopolskie
63-820,wielkopolskie
63-830,wielkopolskie
63-831,wielkopolskie
63-840,wielkopolskie
63-842,wielkopolskie
63-860,wielkopolskie
63-900,wielkopolskie
63-904,wielkopolskie
63-910,wielkopolskie
63-911,wielkopolskie
63-913,wielkopolskie
63-920,wielkopolskie
63-921,wielkopolskie
63-930,wielkopolskie
63-940,wielkopolskie
64-000,wielkopolskie
64-005,wielkopolskie
64-010,wielkopolskie
64-020,wielkopolskie
64-030,wielkopolskie
64-032,wielkopolskie
64-035,wielkopolskie
64-050,wielkopolskie
64-060,wielkopolskie
64-061,wielkopolskie
64-067,wielkopolskie
64-100,wielkopolskie
64-111,wielkopolskie
64-113,wielkopolskie
64-115,wielkopolskie
64-117,wielkopolskie
64-120,wielkopolskie
64-122,wielkopolskie
64-125,wielkopolskie
64-130,wielkopolskie
64-140,wielkopolskie
64-150,wielkopolskie
64-200,wielkopolskie
64-211,wielkopolskie
64-212,wielkopolskie
64-214,wielkopolskie
64-223,wielkopolskie
64-224,wielkopolskie
64-225,wielkopolskie
64-231,wielkopolskie
64-232,wielkopolskie
64-234,wielkopolskie
64-300,wielkopolskie
64-304,wielkopolskie
64-305,wielkopolskie
64-306,wielkopolskie
64-308,wielkopolskie
64-311,wielkopolskie
64-312,wielkopolskie
64-314,wielkopolskie
64-315,wielkopolskie
64-316,wielkopolskie
64-320,wielkopolskie
64-330,wielkopolskie
64-331,wielkopolskie
64-333,wielkopolskie
64-334,wielkopolskie
64-335,wielkopolskie
64-360,wielkopolskie
64-361,wielkopolskie
64-400,wielkopolskie
64-410,wielkopolskie
64-412,wielkopolskie
64-420,wielkopolskie
64-421,wielkopolskie
64-423,wielkopolskie
64-426,wielkopolskie
64-427,wielkopolskie
64-500,wielkopolskie
64-510,wielkopolskie
64-512,wielkopolskie
64-513,wielkopolskie
64-514,wielkopolskie
64-520,wielkopolskie
64-530,wielkopolskie
64-531,wielkopolskie
64-541,wielkopolskie
64-542,wielkopolskie
64-550,wielkopolskie
64-551,wielkopolskie
64-552,wielkopolskie
64-553,wielkopolskie
64-560,wielkopolskie
64-561,wielkopolskie
64-600,wielkopolskie
64-603,wielkopolskie
64-604,wielkopolskie
64-605,wielkopolskie
64-606,wielkopolskie
64-607,wielkopolskie
64-608,wielkopolskie
64-610,wielkopolskie
64-611,wielkopolskie
64-612,wielkopolskie
64-630,wielkopolskie
64-700,wielkopolskie
64-704,wielkopolskie
64-705,wielkopolskie
64-706,wielkopolskie
64-707,wielkopolskie
64-708,wielkopolskie
64-710,wielkopolskie
64-711,wielkopolskie
64-712,wielkopolskie
64-713,wielkopolskie
64-720,wielkopolskie
64-721,wielkopolskie
64-723,wielkopolskie
64-729,wielkopolskie
64-730,wielkopolskie
64-731,wielkopolskie
64-733,wielkopolskie
64-734,wielkopolskie
64-735,wielkopolskie
64-761,wielkopolskie
64-763,wielkopolskie
64-800,wielkopolskie
64-810,wielkopolskie
64-811,wielkopolskie
64-812,wielkopolskie
64-813,wielkopolskie
64-814,wielkopolskie
64-815,wielkopolskie
64-820,wielkopolskie
64-830,wielkopolskie
64-831,wielkopolskie
64-832,wielkopolskie
64-834,wielkopolskie
64-840,wielkopolskie
64-841,wielkopolskie
64-843,wielkopolskie
64-850,wielkopolskie
64-903,wielkopolskie
64-904,wielkopolskie
64-905,wielkopolskie
64-910,wielkopolskie
64-915,wielkopolskie
64-917,wielkopolskie
64-918,wielkopolskie
64-919,wielkopolskie
64-920,wielkopolskie
64-930,wielkopolskie
64-932,wielkopolskie
64-962,wielkopolskie
64-965,wielkopolskie
64-980,wielkopolskie
65-001,lubuskie
66-001,lubuskie
66-002,lubuskie
66-003,lubuskie
66-004,lubuskie
66-006,lubuskie
66-007,lubuskie
66-008,lubuskie
66-010,lubuskie
66-014,lubuskie
66-015,lubuskie
66-016,lubuskie
66-019,lubuskie
66-022,lubuskie
66-100,lubuskie
66-105,lubuskie
66-110,lubuskie
66-111,lubuskie
66-112,lubuskie
66-120,lubuskie
66-130,lubuskie
66-131,lubuskie
66-132,lubuskie
66-133,lubuskie
66-200,lubuskie
66-203,lubuskie
66-210,lubuskie
66-211,lubuskie
66-213,lubuskie
66-218,lubuskie
66-220,lubuskie
66-223,lubuskie
66-225,lubuskie
66-233,lubuskie
66-234,lubuskie
66-235,lubuskie
66-300,lubuskie
66-304,lubuskie
66-305,lubuskie
66-306,lubuskie
66-307,lubuskie
66-313,lubuskie
66-320,lubuskie
66-330,lubuskie
66-340,lubuskie
66-341,lubuskie
66-342,lubuskie
66-343,lubuskie
66-350,lubuskie
66-400,lubuskie
66-415,lubuskie
66-416,lubuskie
66-425,lubuskie
66-428,lubuskie
66-429,lubuskie
66-431,lubuskie
66-432,lubuskie
66-433,lubuskie
66-434,lubuskie
66-435,lubuskie
66-436,lubuskie
66-437,lubuskie
66-440,lubuskie
66-441,lubuskie
66-443,lubuskie
66-445,lubuskie
66-446,lubuskie
66-450,lubuskie
66-451,lubuskie
66-460,lubuskie
66-470,lubuskie
66-500,lubuskie
66-505,lubuskie
66-510,lubuskie
66-520,lubuskie
66-522,lubuskie
66-530,lubuskie
66-535,lubuskie
66-540,lubuskie
66-542,lubuskie
66-543,lubuskie
66-544,lubuskie
66-551,lubuskie
66-600,lubuskie
66-614,lubuskie
66-615,lubuskie
66-620,lubuskie
66-626,lubuskie
66-627,lubuskie
66-629,lubuskie
66-630,lubuskie
66-633,lubuskie
67-100,lubuskie
67-106,lubuskie
67-108,lubuskie
67-112,lubuskie
67-115,lubuskie
67-120,lubuskie
67-124,lubuskie
67-125,lubuskie
67-128,lubuskie
67-130,lubuskie
67-200,dolnośląskie
67-210,dolnośląskie
67-211,dolnośląskie
67-221,dolnośląskie
67-222,dolnośląskie
67-231,dolnośląskie
67-232,dolnośląskie
67-240,dolnośląskie
67-300,lubuskie
67-312,lubuskie
67-320,lubuskie
67-321,lubuskie
67-400,lubuskie
67-407,lubuskie
67-410,lubuskie
67-415,lubuskie
67-416,lubuskie
68-100,lubuskie
68-111,lubuskie
68-113,lubuskie
68-114,lubuskie
68-120,lubuskie
68-121,lubuskie
68-130,lubuskie
68-131,lubuskie
68-132,lubuskie
68-200,lubuskie
68-206,lubuskie
68-208,lubuskie
68-210,lubuskie
68-212,lubuskie
68-213,lubuskie
68-219,lubuskie
68-300,lubuskie
68-320,lubuskie
68-343,lubuskie
69-100,lubuskie
69-108,lubuskie
69-110,lubuskie
69-113,lubuskie
69-121,lubuskie
69-200,lubuskie
69-210,lubuskie
69-213,lubuskie
69-214,lubuskie
69-220,lubuskie
70-001,zachodniopomorskie
70-815,zachodniopomorskie
70-895,zachodniopomorskie
72-001,zachodniopomorskie
72-002,zachodniopomorskie
72-003,zachodniopomorskie
72-004,zachodniopomorskie
72-005,zachodniopomorskie
72-006,zachodniopomorskie
72-010,zachodniopomorskie
72-015,zachodniopomorskie
72-020,zachodniopomorskie
72-022,zachodniopomorskie
72-100,zachodniopomorskie
72-105,zachodniopomorskie
72-110,zachodniopomorskie
72-111,zachodniopomorskie
72-112,zachodniopomorskie
72-113,zachodniopomorskie
72-121,zachodniopomorskie
72-122,zachodniopomorskie
72-123,zachodniopomorskie
72-130,zachodniopomorskie
72-131,zachodniopomorskie
72-132,zachodniopomorskie
72-200,zachodniopomorskie
72-204,zachodniopomorskie
72-205,zachodniopomorskie
72-207,zachodniopomorskie
72-209,zachodniopomorskie
72-210,zachodniopomorskie
72-211,zachodniopomorskie
72-212,zachodniopomorskie
72-220,zachodniopomorskie
72-221,zachodniopomorskie
72-300,zachodniopomorskie
72-304,zachodniopomorskie
72-306,zachodniopomorskie
72-307,zachodniopomorskie
72-310,zachodniopomorskie
72-311,zachodniopomorskie
72-313,zachodniopomorskie
72-314,zachodniopomorskie
72-315,zachodniopomorskie
72-316,zachodniopomorskie
72-317,zachodniopomorskie
72-320,zachodniopomorskie
72-330,zachodniopomorskie
72-332,zachodniopomorskie
72-341,zachodniopomorskie
72-342,zachodniopomorskie
72-343,zachodniopomorskie
72-344,zachodniopomorskie
72-346,zachodniopomorskie
72-350,zachodniopomorskie
72-400,zachodniopomorskie
72-405,zachodniopomorskie
72-410,zachodniopomorskie
72-415,zachodniopomorskie
72-420,zachodniopomorskie
72-500,zachodniopomorskie
72-510,zachodniopomorskie
72-511,zachodniopomorskie
72-513,zachodniopomorskie
72-514,zachodniopomorskie
72-518,zachodniopomorskie
72-600,zachodniopomorskie
72-602,zachodniopomorskie
72-603,zachodniopomorskie
72-605,zachodniopomorskie
73-102,zachodniopomorskie
73-108,zachodniopomorskie
73-109,zachodniopomorskie
73-110,zachodniopomorskie
73-112,zachodniopomorskie
73-113,zachodniopomorskie
73-115,zachodniopomorskie
73-116,zachodniopomorskie
73-120,zachodniopomorskie
73-121,zachodniopomorskie
73-130,zachodniopomorskie
73-131,zachodniopomorskie
73-132,zachodniopomorskie
73-134,zachodniopomorskie
73-140,zachodniopomorskie
73-150,zachodniopomorskie
73-151,zachodniopomorskie
73-152,zachodniopomorskie
73-153,zachodniopomorskie
73-154,zachodniopomorskie
73-155,zachodniopomorskie
73-200,zachodniopomorskie
73-210,zachodniopomorskie
73-220,zachodniopomorskie
73-222,zachodniopomorskie
73-231,zachodniopomorskie
73-234,zachodniopomorskie
73-236,zachodniopomorskie
73-240,zachodniopomorskie
73-260,zachodniopomorskie
73-261,zachodniopomorskie
74-100,zachodniopomorskie
74-105,zachodniopomorskie
74-106,zachodniopomorskie
74-107,zachodniopomorskie
74-110,zachodniopomorskie
74-111,zachodniopomorskie
74-120,zachodniopomorskie
74-121,zachodniopomorskie
74-200,zachodniopomorskie
74-201,zachodniopomorskie
74-202,zachodniopomorskie
74-204,zachodniopomorskie
74-205,zachodniopomorskie
74-210,zachodniopomorskie
74-211,zachodniopomorskie
74-230,zachodniopomorskie
74-240,zachodniopomorskie
74-300,zachodniopomorskie
74-304,zachodniopomorskie
74-305,zachodniopomorskie
74-311,zachodniopomorskie
74-312,zachodniopomorskie
74-320,zachodniopomorskie
74-322,zachodniopomorskie
74-400,zachodniopomorskie
74-404,zachodniopomorskie
74-405,zachodniopomorskie
74-406,zachodniopomorskie
74-407,zachodniopomorskie
74-500,zachodniopomorskie
74-503,zachodniopomorskie
74-505,zachodniopomorskie
74-506,zachodniopomorskie
74-510,zachodniopomorskie
75-001,zachodniopomorskie
75-202,zachodniopomorskie
75-640,zachodniopomorskie
75-900,zachodniopomorskie
76-002,zachodniopomorskie
76-003,zachodniopomorskie
76-004,zachodniopomorskie
76-006,zachodniopomorskie
76-009,zachodniopomorskie
76-010,zachodniopomorskie
76-012,zachodniopomorskie
76-015,zachodniopomorskie
76-020,zachodniopomorskie
76-021,zachodniopomorskie
76-022,zachodniopomorskie
76-023,zachodniopomorskie
76-024,zachodniopomorskie
76-031,zachodniopomorskie
76-032,zachodniopomorskie
76-034,zachodniopomorskie
76-035,zachodniopomorskie
76-037,zachodniopomorskie
76-038,zachodniopomorskie
76-039,zachodniopomorskie
76-042,zachodniopomorskie
76-066,zachodniopomorskie
76-100,zachodniopomorskie
76-104,zachodniopomorskie
76-106,zachodniopomorskie
76-107,zachodniopomorskie
76-113,zachodniopomorskie
76-122,zachodniopomorskie
76-123,zachodniopomorskie
76-124,zachodniopomorskie
76-125,zachodniopomorskie
76-129,zachodniopomorskie
76-141,zachodniopomorskie
76-142,zachodniopomorskie
76-144,zachodniopomorskie
76-150,zachodniopomorskie
76-156,zachodniopomorskie
76-200,pomorskie
76-211,pomorskie
76-212,pomorskie
76-213,pomorskie
76-214,pomorskie
76-219,pomorskie
76-220,pomorskie
76-230,pomorskie
76-231,pomorskie
76-245,pomorskie
76-248,pomorskie
76-251,pomorskie
76-270,pomorskie
77-100,pomorskie
77-114,pomorskie
77-115,pomorskie
77-116,pomorskie
77-121,pomorskie
77-124,pomorskie
77-125,pomorskie
77-127,pomorskie
77-130,pomorskie
77-131,pomorskie
77-132,pomorskie
77-133,pomorskie
77-134,pomorskie
77-135,pomorskie
77-138,pomorskie
77-139,pomorskie
77-140,pomorskie
77-141,pomorskie
77-142,pomorskie
77-143,pomorskie
77-200,pomorskie
77-203,pomorskie
77-205,pomorskie
77-207,pomorskie
77-208,pomorskie
77-211,pomorskie
77-220,pomorskie
77-222,pomorskie
77-223,pomorskie
77-230,pomorskie
77-231,pomorskie
77-233,pomorskie
77-235,pomorskie
77-300,pomorskie
77-304,pomorskie
77-306,pomorskie
77-310,pomorskie
77-320,pomorskie
77-324,pomorskie
77-326,pomorskie
77-330,pomorskie
77-400,wielkopolskie
77-404,wielkopolskie
77-405,wielkopolskie
77-411,wielkopolskie
77-413,wielkopolskie
77-414,wielkopolskie
77-415,wielkopolskie
77-416,wielkopolskie
77-420,wielkopolskie
77-424,wielkopolskie
77-430,wielkopolskie
78-100,zachodniopomorskie
78-111,zachodniopomorskie
78-112,zachodniopomorskie
78-113,zachodniopomorskie
78-114,zachodniopomorskie
78-120,zachodniopomorskie
78-122,zachodniopomorskie
78-123,zachodniopomorskie
78-124,zachodniopomorskie
78-125,zachodniopomorskie
78-131,zachodniopomorskie
78-132,zachodniopomorskie
78-133,zachodniopomorskie
78-200,zachodniopomorskie
78-211,zachodniopomorskie
78-214,zachodniopomorskie
78-217,zachodniopomorskie
78-220,zachodniopomorskie
78-230,zachodniopomorskie
78-300,zachodniopomorskie
78-311,zachodniopomorskie
78-312,zachodniopomorskie
78-314,zachodniopomorskie
78-316,zachodniopomorskie
78-320,zachodniopomorskie
78-321,zachodniopomorskie
78-324,zachodniopomorskie
78-327,zachodniopomorskie
78-331,zachodniopomorskie
78-334,zachodniopomorskie
78-400,zachodniopomorskie
78-411,zachodniopomorskie
78-421,zachodniopomorskie
78-422,zachodniopomorskie
78-423,zachodniopomorskie
78-425,zachodniopomorskie
78-426,zachodniopomorskie
78-444,zachodniopomorskie
78-445,zachodniopomorskie
78-446,zachodniopomorskie
78-449,zachodniopomorskie
78-450,zachodniopomorskie
78-451,zachodniopomorskie
78-452,zachodniopomorskie
78-460,zachodniopomorskie
78-461,zachodniopomorskie
78-500,zachodniopomorskie
78-504,zachodniopomorskie
78-506,zachodniopomorskie
78-513,zachodniopomorskie
78-520,zachodniopomorskie
78-523,zachodniopomorskie
78-530,zachodniopomorskie
78-531,zachodniopomorskie
78-540,zachodniopomorskie
78-550,zachodniopomorskie
78-551,zachodniopomorskie
78-552,zachodniopomorskie
78-553,zachodniopomorskie
78-600,zachodniopomorskie
78-607,zachodniopomorskie
78-609,zachodniopomorskie
78-611,zachodniopomorskie
78-627,zachodniopomorskie
78-630,zachodniopomorskie
78-640,zachodniopomorskie
78-641,zachodniopomorskie
78-642,zachodniopomorskie
78-650,zachodniopomorskie
78-652,zachodniopomorskie
80-001,pomorskie
80-209,pomorskie
80-297,pomorskie
81-000,pomorskie
81-198,pomorskie
81-701,pomorskie
82-100,pomorskie
82-103,pomorskie
82-110,pomorskie
82-112,pomorskie
82-120,pomorskie
82-200,pomorskie
82-213,pomorskie
82-220,pomorskie
82-224,pomorskie
82-230,pomorskie
82-300,warmińsko-mazurskie
82-316,warmińsko-mazurskie
82-325,warmińsko-mazurskie
82-335,warmińsko-mazurskie
82-340,warmińsko-mazurskie
82-400,pomorskie
82-410,pomorskie
82-420,pomorskie
82-433,pomorskie
82-440,pomorskie
82-450,pomorskie
82-500,pomorskie
82-520,pomorskie
82-522,pomorskie
82-550,pomorskie
83-000,pomorskie
83-010,pomorskie
83-011,pomorskie
83-020,pomorskie
83-021,pomorskie
83-022,pomorskie
83-031,pomorskie
83-032,pomorskie
83-033,pomorskie
83-034,pomorskie
83-035,pomorskie
83-041,pomorskie
83-042,pomorskie
83-047,pomorskie
83-050,pomorskie
83-110,pomorskie
83-111,pomorskie
83-112,pomorskie
83-113,pomorskie
83-115,pomorskie
83-120,pomorskie
83-121,pomorskie
83-122,pomorskie
83-123,pomorskie
83-130,pomorskie
83-132,pomorskie
83-135,pomorskie
83-136,pomorskie
83-140,pomorskie
83-200,pomorskie
83-206,pomorskie
83-207,pomorskie
83-208,pomorskie
83-209,pomorskie
83-210,pomorskie
83-211,pomorskie
83-212,pomorskie
83-213,pomorskie
83-220,pomorskie
83-221,pomorskie
83-224,pomorskie
83-225,pomorskie
83-226,pomorskie
83-230,pomorskie
83-236,pomorskie
83-240,pomorskie
83-242,pomorskie
83-243,kujawsko-pomorskie
83-250,pomorskie
83-251,pomorskie
83-260,pomorskie
83-261,pomorskie
83-262,pomorskie
83-300,pomorskie
83-304,pomorskie
83-305,pomorskie
83-307,pomorskie
83-311,pomorskie
83-312,pomorskie
83-314,pomorskie
83-315,pomorskie
83-316,pomorskie
83-320,pomorskie
83-321,pomorskie
83-322,pomorskie
83-323,pomorskie
83-324,pomorskie
83-328,pomorskie
83-329,pomorskie
83-330,pomorskie
83-331,pomorskie
83-332,pomorskie
83-333,pomorskie
83-334,pomorskie
83-335,pomorskie
83-340,pomorskie
83-341,pomorskie
83-342,pomorskie
83-400,pomorskie
83-403,pomorskie
83-404,pomorskie
83-405,pomorskie
83-406,pomorskie
83-407,pomorskie
83-412,pomorskie
83-420,pomorskie
83-421,pomorskie
83-422,pomorskie
83-423,pomorskie
83-424,pomorskie
83-425,pomorskie
83-430,pomorskie
83-431,pomorskie
83-432,pomorskie
83-433,pomorskie
83-440,pomorskie
83-441,pomorskie
83-442,pomorskie
84-100,pomorskie
84-103,pomorskie
84-104,pomorskie
84-105,pomorskie
84-106,pomorskie
84-107,pomorskie
84-110,pomorskie
84-113,pomorskie
84-120,pomorskie
84-122,pomorskie
84-123,pomorskie
84-130,pomorskie
84-140,pomorskie
84-141,pomorskie
84-150,pomorskie
84-200,pomorskie
84-206,pomorskie
84-207,pomorskie
84-208,pomorskie
84-210,pomorskie
84-213,pomorskie
84-214,pomorskie
84-215,pomorskie
84-217,pomorskie
84-218,pomorskie
84-220,pomorskie
84-222,pomorskie
84-223,pomorskie
84-230,pomorskie
84-239,pomorskie
84-240,pomorskie
84-241,pomorskie
84-242,pomorskie
84-250,pomorskie
84-251,pomorskie
84-252,pomorskie
84-300,pomorskie
84-311,pomorskie
84-312,pomorskie
84-313,pomorskie
84-315,pomorskie
84-342,pomorskie
84-350,pomorskie
84-351,pomorskie
84-352,pomorskie
84-353,pomorskie
84-360,pomorskie
85-001,kujawsko-pomorskie
86-005,kujawsko-pomorskie
86-010,kujawsko-pomorskie
86-013,kujawsko-pomorskie
86-014,kujawsko-pomorskie
86-017,kujawsko-pomorskie
86-020,kujawsko-pomorskie
86-021,kujawsko-pomorskie
86-022,kujawsko-pomorskie
86-031,kujawsko-pomorskie
86-032,kujawsko-pomorskie
86-050,kujawsko-pomorskie
86-060,kujawsko-pomorskie
86-061,kujawsko-pomorskie
86-065,kujawsko-pomorskie
86-070,kujawsko-pomorskie
86-100,kujawsko-pomorskie
86-105,kujawsko-pomorskie
86-111,kujawsko-pomorskie
86-120,kujawsko-pomorskie
86-122,kujawsko-pomorskie
86-131,kujawsko-pomorskie
86-134,kujawsko-pomorskie
86-140,kujawsko-pomorskie
86-141,kujawsko-pomorskie
86-150,kujawsko-pomorskie
86-160,kujawsko-pomorskie
86-170,kujawsko-pomorskie
86-182,kujawsko-pomorskie
86-200,kujawsko-pomorskie
86-212,kujawsko-pomorskie
86-221,kujawsko-pomorskie
86-230,kujawsko-pomorskie
86-253,kujawsko-pomorskie
86-260,kujawsko-pomorskie
86-300,kujawsko-pomorskie
86-302,kujawsko-pomorskie
86-318,kujawsko-pomorskie
86-320,kujawsko-pomorskie
86-330,kujawsko-pomorskie
86-341,kujawsko-pomorskie
86-342,kujawsko-pomorskie
87-100,kujawsko-pomorskie
87-103,kujawsko-pomorskie
87-123,kujawsko-pomorskie
87-125,kujawsko-pomorskie
87-126,kujawsko-pomorskie
87-133,kujawsko-pomorskie
87-134,kujawsko-pomorskie
87-140,kujawsko-pomorskie
87-148,kujawsko-pomorskie
87-152,kujawsko-pomorskie
87-162,kujawsko-pomorskie
87-165,kujawsko-pomorskie
87-200,kujawsko-pomorskie
87-207,kujawsko-pomorskie
87-213,kujawsko-pomorskie
87-214,kujawsko-pomorskie
87-220,kujawsko-pomorskie
87-222,kujawsko-pomorskie
87-300,kujawsko-pomorskie
87-301,kujawsko-pomorskie
87-305,kujawsko-pomorskie
87-312,kujawsko-pomorskie
87-313,kujawsko-pomorskie
87-320,kujawsko-pomorskie
87-321,kujawsko-pomorskie
87-322,kujawsko-pomorskie
87-325,kujawsko-pomorskie
87-326,kujawsko-pomorskie
87-327,kujawsko-pomorskie
87-330,kujawsko-pomorskie
87-335,kujawsko-pomorskie
87-337,kujawsko-pomorskie
87-340,kujawsko-pomorskie
87-400,kujawsko-pomorskie
87-404,kujawsko-pomorskie
87-408,kujawsko-pomorskie
87-410,kujawsko-pomorskie
87-423,kujawsko-pomorskie
87-500,kujawsko-pomorskie
87-506,kujawsko-pomorskie
87-510,kujawsko-pomorskie
87-511,kujawsko-pomorskie
87-512,kujawsko-pomorskie
87-513,kujawsko-pomorskie
87-514,kujawsko-pomorskie
87-515,kujawsko-pomorskie
87-516,kujawsko-pomorskie
87-517,kujawsko-pomorskie
87-521,kujawsko-pomorskie
87-522,kujawsko-pomorskie
87-600,kujawsko-pomorskie
87-602,kujawsko-pomorskie
87-603,kujawsko-pomorskie
87-605,kujawsko-pomorskie
87-606,kujawsko-pomorskie
87-607,kujawsko-pomorskie
87-610,kujawsko-pomorskie
87-611,kujawsko-pomorskie
87-612,kujawsko-pomorskie
87-615,kujawsko-pomorskie
87-617,kujawsko-pomorskie
87-618,kujawsko-pomorskie
87-619,kujawsko-pomorskie
87-620,kujawsko-pomorskie
87-630,kujawsko-pomorskie
87-632,kujawsko-pomorskie
87-640,kujawsko-pomorskie
87-645,kujawsko-pomorskie
87-700,kujawsko-pomorskie
87-702,kujawsko-pomorskie
87-704,kujawsko-pomorskie
87-705,kujawsko-pomorskie
87-706,kujawsko-pomorskie
87-707,kujawsko-pomorskie
87-708,kujawsko-pomorskie
87-710,kujawsko-pomorskie
87-720,kujawsko-pomorskie
87-721,kujawsko-pomorskie
87-730,kujawsko-pomorskie
87-731,kujawsko-pomorskie
87-732,kujawsko-pomorskie
87-800,kujawsko-pomorskie
87-811,kujawsko-pomorskie
87-815,kujawsko-pomorskie
87-820,kujawsko-pomorskie
87-821,kujawsko-pomorskie
87-830,kujawsko-pomorskie
87-840,kujawsko-pomorskie
87-850,kujawsko-pomorskie
87-851,kujawsko-pomorskie
87-853,kujawsko-pomorskie
87-860,kujawsko-pomorskie
87-865,kujawsko-pomorskie
87-866,kujawsko-pomorskie
87-875,kujawsko-pomorskie
87-880,kujawsko-pomorskie
87-890,kujawsko-pomorskie
88-100,kujawsko-pomorskie
88-101,kujawsko-pomorskie
88-110,kujawsko-pomorskie
88-111,kujawsko-pomorskie
88-121,kujawsko-pomorskie
88-133,kujawsko-pomorskie
88-140,kujawsko-pomorskie
88-150,kujawsko-pomorskie
88-160,kujawsko-pomorskie
88-170,kujawsko-pomorskie
88-180,kujawsko-pomorskie
88-181,kujawsko-pomorskie
88-190,kujawsko-pomorskie
88-192,kujawsko-pomorskie
88-200,kujawsko-pomorskie
88-210,kujawsko-pomorskie
88-220,kujawsko-pomorskie
88-230,kujawsko-pomorskie
88-231,kujawsko-pomorskie
88-234,kujawsko-pomorskie
88-235,kujawsko-pomorskie
88-237,kujawsko-pomorskie
88-300,kujawsko-pomorskie
88-306,kujawsko-pomorskie
88-320,kujawsko-pomorskie
88-321,kujawsko-pomorskie
88-324,kujawsko-pomorskie
88-330,kujawsko-pomorskie
88-342,kujawsko-pomorskie
88-400,kujawsko-pomorskie
88-405,kujawsko-pomorskie
88-410,kujawsko-pomorskie
88-420,kujawsko-pomorskie
88-422,kujawsko-pomorskie
88-430,kujawsko-pomorskie
89-100,kujawsko-pomorskie
89-110,kujawsko-pomorskie
89-115,kujawsko-pomorskie
89-120,kujawsko-pomorskie
89-200,kujawsko-pomorskie
89-210,kujawsko-pomorskie
89-240,kujawsko-pomorskie
89-300,wielkopolskie
89-310,wielkopolskie
89-311,wielkopolskie
89-312,wielkopolskie
89-320,wielkopolskie
89-321,wielkopolskie
89-333,wielkopolskie
89-334,wielkopolskie
89-340,wielkopolskie
89-350,wielkopolskie
89-400,kujawsko-pomorskie
89-405,kujawsko-pomorskie
89-410,kujawsko-pomorskie
89-412,kujawsko-pomorskie
89-413,kujawsko-pomorskie
89-422,kujawsko-pomorskie
89-430,kujawsko-pomorskie
89-500,kujawsko-pomorskie
89-502,kujawsko-pomorskie
89-504,kujawsko-pomorskie
89-505,kujawsko-pomorskie
89-506,kujawsko-pomorskie
89-510,kujawsko-pomorskie
89-511,kujawsko-pomorskie
89-512,kujawsko-pomorskie
89-520,kujawsko-pomorskie
89-524,kujawsko-pomorskie
89-525,kujawsko-pomorskie
89-526,kujawsko-pomorskie
89-530,kujawsko-pomorskie
89-600,pomorskie
89-606,pomorskie
89-607,pomorskie
89-608,pomorskie
89-620,pomorskie
89-632,pomorskie
89-634,pomorskie
89-642,pomorskie
89-650,pomorskie
89-651,pomorskie
89-652,pomorskie
90-001,łódzkie
92-701,łódzkie
95-001,łódzkie
95-002,łódzkie
95-006,łódzkie
95-010,łódzkie
95-011,łódzkie
95-015,łódzkie
95-020,łódzkie
95-030,łódzkie
95-035,łódzkie
95-039,łódzkie
95-040,łódzkie
95-041,łódzkie
95-043,łódzkie
95-045,łódzkie
95-047,łódzkie
95-050,łódzkie
95-054,łódzkie
95-060,łódzkie
95-061,łódzkie
95-063,łódzkie
95-070,łódzkie
95-073,łódzkie
95-080,łódzkie
95-081,łódzkie
95-082,łódzkie
95-083,łódzkie
95-100,łódzkie
95-200,łódzkie
96-100,łódzkie
96-111,łódzkie
96-115,łódzkie
96-116,łódzkie
96-124,łódzkie
96-126,łódzkie
96-127,łódzkie
96-128,łódzkie
96-130,łódzkie
96-200,łódzkie
96-206,łódzkie
96-208,łódzkie
96-214,łódzkie
96-230,łódzkie
96-232,łódzkie
96-300,mazowieckie
96-313,mazowieckie
96-314,mazowieckie
96-315,mazowieckie
96-316,mazowieckie
96-317,mazowieckie
96-320,mazowieckie
96-321,mazowieckie
96-323,mazowieckie
96-325,mazowieckie
96-330,mazowieckie
96-332,mazowieckie
96-500,mazowieckie
96-502,mazowieckie
96-503,mazowieckie
96-512,mazowieckie
96-513,mazowieckie
96-514,mazowieckie
96-515,mazowieckie
96-520,mazowieckie
96-521,mazowieckie
97-200,łódzkie
97-212,łódzkie
97-213,łódzkie
97-215,łódzkie
97-216,łódzkie
97-217,łódzkie
97-220,łódzkie
97-221,łódzkie
97-225,łódzkie
97-226,łódzkie
97-300,łódzkie
97-306,łódzkie
97-310,łódzkie
97-318,łódzkie
97-319,łódzkie
97-320,łódzkie
97-330,łódzkie
97-340,łódzkie
97-350,łódzkie
97-352,łódzkie
97-360,łódzkie
97-371,łódzkie
97-400,łódzkie
97-403,łódzkie
97-410,łódzkie
97-415,łódzkie
97-420,łódzkie
97-425,łódzkie
97-438,łódzkie
97-500,łódzkie
97-505,łódzkie
97-510,łódzkie
97-512,łódzkie
97-515,łódzkie
97-524,łódzkie
97-525,łódzkie
97-532,łódzkie
97-540,łódzkie
97-545,łódzkie
97-561,łódzkie
97-565,łódzkie
97-570,łódzkie
98-100,łódzkie
98-105,łódzkie
98-113,łódzkie
98-160,łódzkie
98-161,łódzkie
98-170,łódzkie
98-200,łódzkie
98-215,łódzkie
98-220,łódzkie
98-235,łódzkie
98-240,łódzkie
98-260,łódzkie
98-270,łódzkie
98-273,łódzkie
98-275,łódzkie
98-277,łódzkie
98-285,łódzkie
98-290,łódzkie
98-300,łódzkie
98-310,łódzkie
98-311,łódzkie
98-313,łódzkie
98-320,łódzkie
98-324,łódzkie
98-330,łódzkie
98-331,łódzkie
98-332,łódzkie
98-335,łódzkie
98-337,łódzkie
98-338,łódzkie
98-345,łódzkie
98-346,łódzkie
98-350,łódzkie
98-354,łódzkie
98-355,łódzkie
98-358,łódzkie
98-360,łódzkie
98-400,łódzkie
98-405,łódzkie
98-410,łódzkie
98-420,łódzkie
98-430,łódzkie
98-432,łódzkie
99-100,łódzkie
99-106,łódzkie
99-107,łódzkie
99-120,łódzkie
99-122,łódzkie
99-140,łódzkie
99-142,łódzkie
99-150,łódzkie
99-200,łódzkie
99-205,łódzkie
99-210,łódzkie
99-220,łódzkie
99-232,łódzkie
99-235,łódzkie
99-300,łódzkie
99-306,łódzkie
99-307,łódzkie
99-311,łódzkie
99-314,łódzkie
99-319,łódzkie
99-320,łódzkie
99-321,łódzkie
99-322,łódzkie
99-323,łódzkie
99-335,łódzkie
99-340,łódzkie
99-350,łódzkie
99-352,łódzkie
99-400,łódzkie
99-412,łódzkie
99-413,łódzkie
99-414,łódzkie
99-416,łódzkie
99-417,łódzkie
99-418,łódzkie
99-420,łódzkie
99-423,łódzkie
99-434,łódzkie
99-436,łódzkie
99-440,łódzkie